{
  "w_text": 0.05,
  "w_cat": 0.05,
  "w_spec": 0.9,
  "Precision_mean": 0.6842666666666666,
  "Diversity_mean": 0.5203999999999999,
  "Composite_mean": 0.6351066666666666
}