image_filename,product_name,description,price_npr
1318.jpg,Sony MDR-XB55AP Premium in-Ear Extra Bass Wired Headphones with Mic (Black),"Sony MDR-XB55AP Premium in-Ear Extra Bass Wired Headphones with Mic (Black). A reliable electronics accessory available on Nexora, offering good quality and value for everyday use.",3358
9504.jpg,"Cosmic Byte Stardust Headset with Flexible Mic for PS4, Xbox One, Laptop, PC, iPhone and Android Phones (Black)","Cosmic Byte Stardust Headset with Flexible Mic for PS4, Xbox One, Laptop, PC, iPhone and Android Phones (Black). A reliable electronics accessory available on Nexora, offering good quality and value for everyday use.",1118
7222.jpg,realme Pad WiFi+4G Tablet | 3GB RAM 32GB ROM (Expandable) | 26.4cm (10.4 inch) WUXGA+ Display | 7100 mAh Battery | Dolby A...,"realme Pad WiFi+4G Tablet | 3GB RAM 32GB ROM (Expandable) | 26.4cm (10.4 inch) WUXGA+ Display | 7100 mAh Battery | Dolby A. A reliable electronics accessory available on Nexora, offering good quality and value for everyday use.",25597
5391.jpg,"Fire-Boltt Ring Bluetooth Calling Smartwatch with SpO2 & 1.7” Metal Body with Blood Oxygen Monitoring, Continuous Heart Ra...","Fire-Boltt Ring Bluetooth Calling Smartwatch with SpO2 & 1.7” Metal Body with Blood Oxygen Monitoring, Continuous Heart Ra. A reliable electronics accessory available on Nexora, offering good quality and value for everyday use.",3678
9166.jpg,"XIRON 2 Pack Paperfeel Screen Protector for iPad Pro 11 inches/iPad Air 5th /iPad Air 4th Generation (2022/2020, 10.9 inch...","XIRON 2 Pack Paperfeel Screen Protector for iPad Pro 11 inches/iPad Air 5th /iPad Air 4th Generation (2022/2020, 10.9 inch. A reliable electronics accessory available on Nexora, offering good quality and value for everyday use.",2238
8940.jpg,MOKOBARA The Transit Backpack Laptop Bag for Men and Women,"MOKOBARA The Transit Backpack Laptop Bag for Men and Women. A reliable electronics accessory available on Nexora, offering good quality and value for everyday use.",8798
3708.jpg,"DIGITEK® (LP E12) Lithium-ion Rechargeable Battery Pack for DSLR Camera, Compatibility - EOS M Series, 100D, Kiss M, Kiss ...","DIGITEK® (LP E12) Lithium-ion Rechargeable Battery Pack for DSLR Camera, Compatibility - EOS M Series, 100D, Kiss M, Kiss. A reliable electronics accessory available on Nexora, offering good quality and value for everyday use.",1198
3573.jpg,"SEMINES Tabletop Laptop Stand 7 Height Adjustable, Aluminium, Ventilated, Foldable, Portable Laptop Holder for Desk & Tabl...","SEMINES Tabletop Laptop Stand 7 Height Adjustable, Aluminium, Ventilated, Foldable, Portable Laptop Holder for Desk & Tabl. A reliable electronics accessory available on Nexora, offering good quality and value for everyday use.",558
683.jpg,"CRUST CS30 Car Bluetooth Device with Call Receiver, FM Transmitter for Music System & Dual USB + Type C Fast Charger; 7 Co...","CRUST CS30 Car Bluetooth Device with Call Receiver, FM Transmitter for Music System & Dual USB + Type C Fast Charger; 7 Co. A reliable electronics accessory available on Nexora, offering good quality and value for everyday use.",1034
9037.jpg,"Redmi Pad | MediaTek Helio G99 | 26.95cm (10.61 inch) 2K Resolution & 90Hz Refresh Rate Display | 4GB RAM & 128GB Storage,...","Redmi Pad | MediaTek Helio G99 | 26.95cm (10.61 inch) 2K Resolution & 90Hz Refresh Rate Display | 4GB RAM & 128GB Storage,. A reliable electronics accessory available on Nexora, offering good quality and value for everyday use.",28798
346.jpg,"Lava Blaze 5G (Glass Green, 6GB RAM, UFS 2.2 128GB Storage) | 5G Ready | 50MP AI Triple Camera | Upto 9GB Expandable RAM |...","Lava Blaze 5G (Glass Green, 6GB RAM, UFS 2.2 128GB Storage) | 5G Ready | 50MP AI Triple Camera | Upto 9GB Expandable RAM |. A reliable electronics accessory available on Nexora, offering good quality and value for everyday use.",19198
3038.jpg,Xiaomi Mi 4A Dual_Band Ethernet 1200Mbps Speed Router| 2.4GHz & 5GHz Frequency|128MB RAM | DualCore 4 Thread CPU|4 Omni Di...,"Xiaomi Mi 4A Dual_Band Ethernet 1200Mbps Speed Router| 2.4GHz & 5GHz Frequency|128MB RAM | DualCore 4 Thread CPU|4 Omni Di. A reliable electronics accessory available on Nexora, offering good quality and value for everyday use.",2398
9593.jpg,Amozo Ultra Hybrid Series Back Cover Case for iPhone 13 Pro (Polycarbonate|Blue),"Amozo Ultra Hybrid Series Back Cover Case for iPhone 13 Pro (Polycarbonate|Blue). A reliable electronics accessory available on Nexora, offering good quality and value for everyday use.",318
4560.jpg,"Portronics Konnect J8 3-in-1 (USB A + Type C to 8 Pin + Type C) Fast Charging Cable with 60W Max Output, Nylon Braided, Fo...","Portronics Konnect J8 3-in-1 (USB A + Type C to 8 Pin + Type C) Fast Charging Cable with 60W Max Output, Nylon Braided, Fo. A reliable electronics accessory available on Nexora, offering good quality and value for everyday use.",766
8005.jpg,SeCro USB 3.0 Super Speed Multi Function Card Reader (Black),"SeCro USB 3.0 Super Speed Multi Function Card Reader (Black). A reliable electronics accessory available on Nexora, offering good quality and value for everyday use.",718
9313.jpg,"Carvaan Saregama M21 Keypad Mobile Phone - 1500 Pre-Loaded Hindi Songs, Dual Sim, 2.4 Inch Display 2500 mAh Battery, 2 GB ...","Carvaan Saregama M21 Keypad Mobile Phone - 1500 Pre-Loaded Hindi Songs, Dual Sim, 2.4 Inch Display 2500 mAh Battery, 2 GB. A reliable electronics accessory available on Nexora, offering good quality and value for everyday use.",3984
3985.jpg,"Lapster usb 2.0 mantra cable, mantra mfs 100 data cable (black)","Lapster usb 2.0 mantra cable, mantra mfs 100 data cable (black). A reliable electronics accessory available on Nexora, offering good quality and value for everyday use.",318
7955.jpg,"Cosmic Byte Oberon 7.1 RGB Gaming Headset with Dual Input- USB and 3.5mm Jack, Detachable Microphone, 90° Rotatable Earcup...","Cosmic Byte Oberon 7.1 RGB Gaming Headset with Dual Input- USB and 3.5mm Jack, Detachable Microphone, 90° Rotatable Earcup. A reliable electronics accessory available on Nexora, offering good quality and value for everyday use.",2878
1034.jpg,boAt Bassheads 242 in Ear Wired Earphones with Mic(Blue),"boAt Bassheads 242 in Ear Wired Earphones with Mic(Blue). A reliable electronics accessory available on Nexora, offering good quality and value for everyday use.",958
6805.jpg,"AGARO 3.1 A Dual Port Lightning, USB Smart Car Charger for All Smartphones & Tablets- Black","AGARO 3.1 A Dual Port Lightning, USB Smart Car Charger for All Smartphones & Tablets- Black. A reliable electronics accessory available on Nexora, offering good quality and value for everyday use.",200
8464.jpg,"Boult Audio Probass Qcharge Bluetooth Wireless in Ear Earphones with Mic with Fast Charging, 20H Battery Life, Ipx5 Water ...","Boult Audio Probass Qcharge Bluetooth Wireless in Ear Earphones with Mic with Fast Charging, 20H Battery Life, Ipx5 Water. A reliable electronics accessory available on Nexora, offering good quality and value for everyday use.",1758
2150.jpg,"HUMBLE MI Band 3/ MI Band 4 Strap, Band for MI Band 3/ MI Band 4 Smartwatch (Fitness Tracker) Wristbands Replacement Silic...","HUMBLE MI Band 3/ MI Band 4 Strap, Band for MI Band 3/ MI Band 4 Smartwatch (Fitness Tracker) Wristbands Replacement Silic. A reliable electronics accessory available on Nexora, offering good quality and value for everyday use.",158
5404.jpg,Amazon Brand - Solimo Back Cover Case for Realme X2 / Realme XT | Compatible for Realme X2 / Realme XT Back Cover Case | 3...,"Amazon Brand - Solimo Back Cover Case for Realme X2 / Realme XT | Compatible for Realme X2 / Realme XT Back Cover Case | 3. A reliable electronics accessory available on Nexora, offering good quality and value for everyday use.",222
960.jpg,CLAVIER Neo Wired in Ear Earphone with Mic (Neo Grey),"CLAVIER Neo Wired in Ear Earphone with Mic (Neo Grey). A reliable electronics accessory available on Nexora, offering good quality and value for everyday use.",238
2586.jpg,Razer DeathAdder Essential White Edition - 6400 DPI Ergonomic Wired Gaming Mouse - RZ01-03850200-R3M1,"Razer DeathAdder Essential White Edition - 6400 DPI Ergonomic Wired Gaming Mouse - RZ01-03850200-R3M1. A reliable electronics accessory available on Nexora, offering good quality and value for everyday use.",2158
4934.jpg,"POCO M4 Pro (Cool Blue, 6GB RAM 128GB Storage)","POCO M4 Pro (Cool Blue, 6GB RAM 128GB Storage). A reliable electronics accessory available on Nexora, offering good quality and value for everyday use.",2000
1981.jpg,"boAt Airdopes 121 PRO True Wireless in Ear Earbuds Signature Sound, Quad Mic ENx, Beast Mode for Gaming, 40H Playtime, IW...","boAt Airdopes 121 PRO True Wireless in Ear Earbuds Signature Sound, Quad Mic ENx, Beast Mode for Gaming, 40H Playtime, IW. A reliable electronics accessory available on Nexora, offering good quality and value for everyday use.",2398
5491.jpg,CEDO Clear Case for iPhone Xs Max | Soft Flexible Full Protection Shock Proof TPU Back Cover for iPhone Xs Max (Transparent),"CEDO Clear Case for iPhone Xs Max | Soft Flexible Full Protection Shock Proof TPU Back Cover for iPhone Xs Max (Transparent). A reliable electronics accessory available on Nexora, offering good quality and value for everyday use.",318
8578.jpg,TheGiftKart Crystal Clear Back Cover Case for Xiaomi 11i 5G / 11i HyperCharge 5G | 360 Degree Protection | Shock Proof Des...,"TheGiftKart Crystal Clear Back Cover Case for Xiaomi 11i 5G / 11i HyperCharge 5G | 360 Degree Protection | Shock Proof Des. A reliable electronics accessory available on Nexora, offering good quality and value for everyday use.",402
7047.jpg,TheGiftKart Shockproof Crystal Clear Back Cover Case for Samsung Galaxy M13 4G | 360 Degree Protection | Protective Design...,"TheGiftKart Shockproof Crystal Clear Back Cover Case for Samsung Galaxy M13 4G | 360 Degree Protection | Protective Design. A reliable electronics accessory available on Nexora, offering good quality and value for everyday use.",402
6014.jpg,"boAt AUX 500 Indestructible Male to Male Metallic Aux Audio Cable with Gold Plated connectors for Smartphone, 1.5 Meter (5...","boAt AUX 500 Indestructible Male to Male Metallic Aux Audio Cable with Gold Plated connectors for Smartphone, 1.5 Meter (5. A reliable electronics accessory available on Nexora, offering good quality and value for everyday use.",558
321.jpg,Redmi Note 12 5G Mystique Blue 6GB RAM 128GB ROM | 1st Phone with 120Hz Super AMOLED and Snapdragon® 4 Gen 1 | 48MP AI Tri...,"Redmi Note 12 5G Mystique Blue 6GB RAM 128GB ROM | 1st Phone with 120Hz Super AMOLED and Snapdragon® 4 Gen 1 | 48MP AI Tri. A reliable electronics accessory available on Nexora, offering good quality and value for everyday use.",31998
908.jpg,ZEBRONICS Zeb-Bro Wired Earphone (White),"ZEBRONICS Zeb-Bro Wired Earphone (White). A reliable electronics accessory available on Nexora, offering good quality and value for everyday use.",238
3.jpg,"Samsung Galaxy M33 5G (Mystique Green, 6GB, 128GB Storage) | 6000mAh Battery | Upto 12GB RAM with RAM Plus | Travel Adapte...","Samsung Galaxy M33 5G (Mystique Green, 6GB, 128GB Storage) | 6000mAh Battery | Upto 12GB RAM with RAM Plus | Travel Adapte. A reliable electronics accessory available on Nexora, offering good quality and value for everyday use.",25598
5459.jpg,"Kinsound USB C to 3.5 mm Jack Audio Headphone Adapter, 32bit Hi-Res Sound Quality Type C to 3.5mm Jack Adapter Compatible ...","Kinsound USB C to 3.5 mm Jack Audio Headphone Adapter, 32bit Hi-Res Sound Quality Type C to 3.5mm Jack Adapter Compatible. A reliable electronics accessory available on Nexora, offering good quality and value for everyday use.",1390
8107.jpg,TheGiftKart Back Cover for Redmi Note 10 Lite/Note 9 Pro/Pro Max/Poco M2 Pro (Poly Carbonate | Greyish Blue),"TheGiftKart Back Cover for Redmi Note 10 Lite/Note 9 Pro/Pro Max/Poco M2 Pro (Poly Carbonate | Greyish Blue). A reliable electronics accessory available on Nexora, offering good quality and value for everyday use.",606
4362.jpg,"IKALL K100 1.8 Inch Display Keypad Mobile (Dual Sim, 1000 mAh Battery) (Blue)","IKALL K100 1.8 Inch Display Keypad Mobile (Dual Sim, 1000 mAh Battery) (Blue). A reliable electronics accessory available on Nexora, offering good quality and value for everyday use.",1118
4527.jpg,Generic ESP8266 Nodemcu Esp8266 Lua Amica Wifi Internet of Things Development Board Cp2102 Iot,"Generic ESP8266 Nodemcu Esp8266 Lua Amica Wifi Internet of Things Development Board Cp2102 Iot. A reliable electronics accessory available on Nexora, offering good quality and value for everyday use.",542
8499.jpg,"KZ EDX PRO Earphones Headphones with 1DD, Yinyoo EDX PRO Wired in Ear Earbuds HiFi Deep Bass Sound with 1DD New 10mm Dynam...","KZ EDX PRO Earphones Headphones with 1DD, Yinyoo EDX PRO Wired in Ear Earbuds HiFi Deep Bass Sound with 1DD New 10mm Dynam. A reliable electronics accessory available on Nexora, offering good quality and value for everyday use.",1918
39.jpg,"boAt Airdopes 141 Bluetooth Truly Wireless in Ear Earbuds with 42H Playtime, Beast Mode(Low Latency Upto 80ms) for Gaming,...","boAt Airdopes 141 Bluetooth Truly Wireless in Ear Earbuds with 42H Playtime, Beast Mode(Low Latency Upto 80ms) for Gaming,. A reliable electronics accessory available on Nexora, offering good quality and value for everyday use.",2078
8100.jpg,TYCON 7 INCH Double Din Car Screen Stereo Media Player Audio Video Touch Screen Stereo Full HD with MP3/MP4/MP5/USB/FM Pla...,"TYCON 7 INCH Double Din Car Screen Stereo Media Player Audio Video Touch Screen Stereo Full HD with MP3/MP4/MP5/USB/FM Pla. A reliable electronics accessory available on Nexora, offering good quality and value for everyday use.",4640
8026.jpg,"ZEBRONICS Zeb-Juke BAR 9500WS PRO Dolby 5.1 Soundbar with Wireless Satellites, Dolby Audio, 525 Watts Output Power, 16.5cm...","ZEBRONICS Zeb-Juke BAR 9500WS PRO Dolby 5.1 Soundbar with Wireless Satellites, Dolby Audio, 525 Watts Output Power, 16.5cm. A reliable electronics accessory available on Nexora, offering good quality and value for everyday use.",23998
4896.jpg,CEDO Samsung M13 5G Back Cover | Matte Soft Silicon Flexible | Camera Bump Protection | All Side Shock Proof Rubberised Ba...,"CEDO Samsung M13 5G Back Cover | Matte Soft Silicon Flexible | Camera Bump Protection | All Side Shock Proof Rubberised Ba. A reliable electronics accessory available on Nexora, offering good quality and value for everyday use.",285
5478.jpg,"DIGITEK® (LP E8) Lithium-ion Rechargeable Battery for DSLR Camera, Compatibility - Power EOS 55D, 600D, D650, 700D, EOS KI...","DIGITEK® (LP E8) Lithium-ion Rechargeable Battery for DSLR Camera, Compatibility - Power EOS 55D, 600D, D650, 700D, EOS KI. A reliable electronics accessory available on Nexora, offering good quality and value for everyday use.",1229
5816.jpg,Isoelite Remote Compatible with Panasonic Split Ac Remote Control [ Compatible for Panasonic AC Remote Control ],"Isoelite Remote Compatible with Panasonic Split Ac Remote Control [ Compatible for Panasonic AC Remote Control ]. A reliable electronics accessory available on Nexora, offering good quality and value for everyday use.",606
2423.jpg,"Caprigo Super Heavy Duty TV Wall Mount Bracket for 32 to 55 Inch LED/HD/Smart TV’s, Universal Fixed TV Wall Mount Stand (M...","Caprigo Super Heavy Duty TV Wall Mount Bracket for 32 to 55 Inch LED/HD/Smart TV’s, Universal Fixed TV Wall Mount Stand (M. A reliable electronics accessory available on Nexora, offering good quality and value for everyday use.",958
2970.jpg,"Avedia Mobile Phone Dustproof Net Stickers, Speaker Mesh Anti Dust Proof Adhesive Sticker for iPhone and Android Phone Spe...","Avedia Mobile Phone Dustproof Net Stickers, Speaker Mesh Anti Dust Proof Adhesive Sticker for iPhone and Android Phone Spe. A reliable electronics accessory available on Nexora, offering good quality and value for everyday use.",430
1770.jpg,"HomeMate® Wi-Fi Smart IR Control Hub (Pack of 1) | Smart Air Conditioner Remote | Compatible with Alexa, Google Home | All...","HomeMate® Wi-Fi Smart IR Control Hub (Pack of 1) | Smart Air Conditioner Remote | Compatible with Alexa, Google Home | All. A reliable electronics accessory available on Nexora, offering good quality and value for everyday use.",1744
2876.jpg,FOLX FSG2030 Shocked Proof Flexible Silicone TPU Watch Case Cover with Screen Protector Temper for Apple Watch Series 6 | ...,"FOLX FSG2030 Shocked Proof Flexible Silicone TPU Watch Case Cover with Screen Protector Temper for Apple Watch Series 6 |. A reliable electronics accessory available on Nexora, offering good quality and value for everyday use.",477
6795.jpg,TheGiftKart Shockproof Back Cover Case for OnePlus 11R 5G | Raised Bumps for Camera & Screen Protection | Ultra Clear Soft...,"TheGiftKart Shockproof Back Cover Case for OnePlus 11R 5G | Raised Bumps for Camera & Screen Protection | Ultra Clear Soft. A reliable electronics accessory available on Nexora, offering good quality and value for everyday use.",318
5909.jpg,iTronix USB Charging Cable for BoAt Wave Call/BoAt Wave Lite Smartwatches (Cable Only),"iTronix USB Charging Cable for BoAt Wave Call/BoAt Wave Lite Smartwatches (Cable Only). A reliable electronics accessory available on Nexora, offering good quality and value for everyday use.",318
2531.jpg,URBN Type-C to Type-C | 65W Super Fast Charging Adapter Cable | Unbreakable Nylon Braided Rugged Cable | Power Delivery (P...,"URBN Type-C to Type-C | 65W Super Fast Charging Adapter Cable | Unbreakable Nylon Braided Rugged Cable | Power Delivery (P. A reliable electronics accessory available on Nexora, offering good quality and value for everyday use.",238
8124.jpg,"PKST Wi-Fi Wireless Nanny Small Security Indoor USB Plug Camera,1080p Cam with Cell Phone App Live Feed, Motion Detection...","PKST Wi-Fi Wireless Nanny Small Security Indoor USB Plug Camera,1080p Cam with Cell Phone App Live Feed, Motion Detection. A reliable electronics accessory available on Nexora, offering good quality and value for everyday use.",3038
1056.jpg,"Portronics Modesk 101 Wall Hanging Mobile Holder Wall Mount with Adhesive Strips, Charging Holder Compatible with iPhone, ...","Portronics Modesk 101 Wall Hanging Mobile Holder Wall Mount with Adhesive Strips, Charging Holder Compatible with iPhone,. A reliable electronics accessory available on Nexora, offering good quality and value for everyday use.",170
9389.jpg,"Gizga Essentials Portable Mobile Tabletop Stand, Precise Cutout to Enable Charging During Use, Sturdy Metal, Mobile Chargi...","Gizga Essentials Portable Mobile Tabletop Stand, Precise Cutout to Enable Charging During Use, Sturdy Metal, Mobile Chargi. A reliable electronics accessory available on Nexora, offering good quality and value for everyday use.",206
9117.jpg,"TheGiftKart Back Cover for Poco X3 PRO/Poco X3 (Polycarbonate, TPU/Black)","TheGiftKart Back Cover for Poco X3 PRO/Poco X3 (Polycarbonate, TPU/Black). A reliable electronics accessory available on Nexora, offering good quality and value for everyday use.",590
3064.jpg,"FUR JADEN 15.6 Inch Smart Laptop Backpack Bag With USB Charging Port, Anti Theft Pocket and Accessories Organiser for Men ...","FUR JADEN 15.6 Inch Smart Laptop Backpack Bag With USB Charging Port, Anti Theft Pocket and Accessories Organiser for Men. A reliable electronics accessory available on Nexora, offering good quality and value for everyday use.",1918
4587.jpg,"Tecno Pop 5 LTE (Ice Blue, 2GB RAM,32GB Storage) | Front Flash | 8MP Dual Camera","Tecno Pop 5 LTE (Ice Blue, 2GB RAM,32GB Storage) | Front Flash | 8MP Dual Camera. A reliable electronics accessory available on Nexora, offering good quality and value for everyday use.",10078
8367.jpg,Spigen EZ Fit Tempered Glass Screen Protector Guard for Valve Steam Deck - 1 Pack,"Spigen EZ Fit Tempered Glass Screen Protector Guard for Valve Steam Deck - 1 Pack. A reliable electronics accessory available on Nexora, offering good quality and value for everyday use.",2398
6659.jpg,"AirCase Protective Laptop Bag Sleeve fits Upto 15.6"" Laptop/ MacBook, Wrinkle Free, Padded, Waterproof Light Neoprene case...","AirCase Protective Laptop Bag Sleeve fits Upto 15.6"" Laptop/ MacBook, Wrinkle Free, Padded, Waterproof Light Neoprene case. A reliable electronics accessory available on Nexora, offering good quality and value for everyday use.",798
8072.jpg,"Noise Combat with Ultra Low Latency 45 Milliseconds Bluetooth Wireless in Ear Earphones with ENC with mic, instacharge and...","Noise Combat with Ultra Low Latency 45 Milliseconds Bluetooth Wireless in Ear Earphones with ENC with mic, instacharge and. A reliable electronics accessory available on Nexora, offering good quality and value for everyday use.",2878
4640.jpg,HP 802 2-Pack Small Black/Tri-Color Original Ink Cartridges,"HP 802 2-Pack Small Black/Tri-Color Original Ink Cartridges. A reliable electronics accessory available on Nexora, offering good quality and value for everyday use.",3088
5505.jpg,"Logitech C310 Digital HD Webcam with Widescreen HD Video Calling, HD Light Correction, Noise-Reducing Mic, for Skype, Face...","Logitech C310 Digital HD Webcam with Widescreen HD Video Calling, HD Light Correction, Noise-Reducing Mic, for Skype, Face. A reliable electronics accessory available on Nexora, offering good quality and value for everyday use.",3518
8809.jpg,"Tronica TR-1501 Deep Bass Home Theater with Subwoofer 2.1 Channel with 55W Premium Signature Sound, Multiple Connectivity ...","Tronica TR-1501 Deep Bass Home Theater with Subwoofer 2.1 Channel with 55W Premium Signature Sound, Multiple Connectivity. A reliable electronics accessory available on Nexora, offering good quality and value for everyday use.",5278
5129.jpg,"NoiseFit Force Rugged Round Dial Bluetooth calling Smart Watch with 1.32"" HD screen, Functional Crown, 550 NITS, 7 days ba...","NoiseFit Force Rugged Round Dial Bluetooth calling Smart Watch with 1.32"" HD screen, Functional Crown, 550 NITS, 7 days ba. A reliable electronics accessory available on Nexora, offering good quality and value for everyday use.",4798
4698.jpg,Storite 20cm USB 3.0 Cable A to Micro B high Speed Upto 5 Gbps Data Transfer Cable for Portable External Hard Drive,"Storite 20cm USB 3.0 Cable A to Micro B high Speed Upto 5 Gbps Data Transfer Cable for Portable External Hard Drive. A reliable electronics accessory available on Nexora, offering good quality and value for everyday use.",478
7377.jpg,"ProElite Tempered Glass Screen Protector for Apple iPad 10.2"" 9th/8th/7th Generation 2021 with Auto Alignment Kit","ProElite Tempered Glass Screen Protector for Apple iPad 10.2"" 9th/8th/7th Generation 2021 with Auto Alignment Kit. A reliable electronics accessory available on Nexora, offering good quality and value for everyday use.",955
9133.jpg,"Amkette Nylon Braided Aux Audio Cable - 3.5 mm Gold Plated Jack Male to Male Tangle Free for Car Stereo, Speakers, Headpho...","Amkette Nylon Braided Aux Audio Cable - 3.5 mm Gold Plated Jack Male to Male Tangle Free for Car Stereo, Speakers, Headpho. A reliable electronics accessory available on Nexora, offering good quality and value for everyday use.",530
1793.jpg,"Amazon Basics Micro Usb Fast Charging Cable For Android Smartphone,Personal Computer,Printer With Gold Plated Connectors (...","Amazon Basics Micro Usb Fast Charging Cable For Android Smartphone,Personal Computer,Printer With Gold Plated Connectors (. A reliable electronics accessory available on Nexora, offering good quality and value for everyday use.",382
6155.jpg,"GIZGA essentials Extended Gaming Mouse Pad, Laptop Desk Mat, Computer Mouse Pad with Smooth Mouse Control, Mercerized Surf...","GIZGA essentials Extended Gaming Mouse Pad, Laptop Desk Mat, Computer Mouse Pad with Smooth Mouse Control, Mercerized Surf. A reliable electronics accessory available on Nexora, offering good quality and value for everyday use.",238
7597.jpg,Pikkme Samsung Galaxy A50 / A50s / A30s Smoke Cover Protective Shockproof Matte Hard Back Case Cover for Samsung Galaxy A5...,"Pikkme Samsung Galaxy A50 / A50s / A30s Smoke Cover Protective Shockproof Matte Hard Back Case Cover for Samsung Galaxy A5. A reliable electronics accessory available on Nexora, offering good quality and value for everyday use.",318
8047.jpg,"iBELL CP404 4 Channel SMPS for CCTV Output, Power Supply Adapter for up to 4 CCTV Cameras, White (Pack of 1)","iBELL CP404 4 Channel SMPS for CCTV Output, Power Supply Adapter for up to 4 CCTV Cameras, White (Pack of 1). A reliable electronics accessory available on Nexora, offering good quality and value for everyday use.",835
2620.jpg,"All-new Kindle (2022 release) – The lightest and most compact Kindle, now with a 6” 300 ppi high-resolution display, and 2...","All-new Kindle (2022 release) – The lightest and most compact Kindle, now with a 6” 300 ppi high-resolution display, and 2. A reliable electronics accessory available on Nexora, offering good quality and value for everyday use.",15998
4755.jpg,Pikkme Samsung Galaxy M30s / M21 / M21 2021 Flip Cover| PU Leather Finish | 360 Protection | Wallet & Stand | Strong Magne...,"Pikkme Samsung Galaxy M30s / M21 / M21 2021 Flip Cover| PU Leather Finish | 360 Protection | Wallet & Stand | Strong Magne. A reliable electronics accessory available on Nexora, offering good quality and value for everyday use.",318
4233.jpg,"Tukzer Gel Mouse Pad Wrist Rest Memory-Foam Ergonomic Mousepad| Cushion Wrist Support & Pain Relief| Suitable for Gaming, ...","Tukzer Gel Mouse Pad Wrist Rest Memory-Foam Ergonomic Mousepad| Cushion Wrist Support & Pain Relief| Suitable for Gaming,. A reliable electronics accessory available on Nexora, offering good quality and value for everyday use.",680
5011.jpg,"JIYAMART Foldable Wooden Laptop Bed Tray Table, Multifunction Lap Tablet Desk with Cup Holder, Perfect for Eating Breakfas...","JIYAMART Foldable Wooden Laptop Bed Tray Table, Multifunction Lap Tablet Desk with Cup Holder, Perfect for Eating Breakfas. A reliable electronics accessory available on Nexora, offering good quality and value for everyday use.",638
3482.jpg,Cosmic Byte Meteoroid RGB Laptop Cooling Pad with 6 Fan Upto 17 inch laptops (Black/Blue),"Cosmic Byte Meteoroid RGB Laptop Cooling Pad with 6 Fan Upto 17 inch laptops (Black/Blue). A reliable electronics accessory available on Nexora, offering good quality and value for everyday use.",3198
3165.jpg,"HP K300 Backlit Membrane Wired Gaming Keyboard with Mixed Color Lighting, 4 LED Indicators, Matte Finish Double Injection ...","HP K300 Backlit Membrane Wired Gaming Keyboard with Mixed Color Lighting, 4 LED Indicators, Matte Finish Double Injection. A reliable electronics accessory available on Nexora, offering good quality and value for everyday use.",1358
5710.jpg,Robustrion Tempered Glass Screen Protector Guard for Lenovo Tab M10 FHD Plus 10.6 inch 3rd Gen Generation Tablet,"Robustrion Tempered Glass Screen Protector Guard for Lenovo Tab M10 FHD Plus 10.6 inch 3rd Gen Generation Tablet. A reliable electronics accessory available on Nexora, offering good quality and value for everyday use.",558
2249.jpg,Lapcare ChillMate Adjustable Laptop Cooling Pad with Twin Fans for Efficient Cooling,"Lapcare ChillMate Adjustable Laptop Cooling Pad with Twin Fans for Efficient Cooling. A reliable electronics accessory available on Nexora, offering good quality and value for everyday use.",1192
2485.jpg,"JBL Go 3, Wireless Ultra Portable Bluetooth Speaker, Pro Sound, Vibrant Colors with Rugged Fabric Design, Waterproof, Type...","JBL Go 3, Wireless Ultra Portable Bluetooth Speaker, Pro Sound, Vibrant Colors with Rugged Fabric Design, Waterproof, Type. A reliable electronics accessory available on Nexora, offering good quality and value for everyday use.",5144
2847.jpg,SanDisk ® Ultra Curve USB 3.2 128GB 100MB/s R Navy Blue,"SanDisk ® Ultra Curve USB 3.2 128GB 100MB/s R Navy Blue. A reliable electronics accessory available on Nexora, offering good quality and value for everyday use.",1341
7585.jpg,"PITARA Multi-Purpose Laptop Table| Study Table| Bed Table| Writing Desk| Laptop Workbench with tab, Mobile, Foldable and P...","PITARA Multi-Purpose Laptop Table| Study Table| Bed Table| Writing Desk| Laptop Workbench with tab, Mobile, Foldable and P. A reliable electronics accessory available on Nexora, offering good quality and value for everyday use.",862
7759.jpg,Amozo Sensor Protector Easy Fit Tempered Glass Screen Protector Guard for iPhone 14 Pro Max (with easy applicator) - Pack ...,"Amozo Sensor Protector Easy Fit Tempered Glass Screen Protector Guard for iPhone 14 Pro Max (with easy applicator) - Pack. A reliable electronics accessory available on Nexora, offering good quality and value for everyday use.",758
8153.jpg,ZARALA Super Frosted Shield Pro Back Silicone Soft Mobile Case Compatible with Samsung Galaxy S23 Ultra 5G Dotted Slim-Fit...,"ZARALA Super Frosted Shield Pro Back Silicone Soft Mobile Case Compatible with Samsung Galaxy S23 Ultra 5G Dotted Slim-Fit. A reliable electronics accessory available on Nexora, offering good quality and value for everyday use.",402
2075.jpg,Robustrion Anti-Scratch & Smudge Proof Tempered Glass Screen Protector Guard for Redmi Pad 10.61 inch,"Robustrion Anti-Scratch & Smudge Proof Tempered Glass Screen Protector Guard for Redmi Pad 10.61 inch. A reliable electronics accessory available on Nexora, offering good quality and value for everyday use.",558
1496.jpg,"HP w200 HD 720P 30 FPS Digital Webcam with Built-in Mic, Plug and Play Setup, Wide-Angle View for Video Calling on Skype, ...","HP w200 HD 720P 30 FPS Digital Webcam with Built-in Mic, Plug and Play Setup, Wide-Angle View for Video Calling on Skype,. A reliable electronics accessory available on Nexora, offering good quality and value for everyday use.",1758
6111.jpg,"Gizga Essentials Stylish Multi-Purpose Portable Laptop Table, Foldable Wooden Desk for Bed Tray, Laptop Table, Study Table...","Gizga Essentials Stylish Multi-Purpose Portable Laptop Table, Foldable Wooden Desk for Bed Tray, Laptop Table, Study Table. A reliable electronics accessory available on Nexora, offering good quality and value for everyday use.",958
6839.jpg,"Seagate One Touch 4TB External HDD with Password Protection – Black, for Windows and Mac, with 3 yr Data Recovery Service...","Seagate One Touch 4TB External HDD with Password Protection – Black, for Windows and Mac, with 3 yr Data Recovery Service. A reliable electronics accessory available on Nexora, offering good quality and value for everyday use.",13982
2420.jpg,"Samsung Galaxy M13 5G (Aqua Green, 6GB, 128GB Storage) | 5000mAh Battery | Upto 12GB RAM with RAM Plus","Samsung Galaxy M13 5G (Aqua Green, 6GB, 128GB Storage) | 5000mAh Battery | Upto 12GB RAM with RAM Plus. A reliable electronics accessory available on Nexora, offering good quality and value for everyday use.",23998
2245.jpg,"AmazonBasics Bluetooth Speaker 5.0 Soundbar with 16W RMS, 2000mAh Battery, Upto 19 Hrs Playtime Aux/USB Port (Black)","AmazonBasics Bluetooth Speaker 5.0 Soundbar with 16W RMS, 2000mAh Battery, Upto 19 Hrs Playtime Aux/USB Port (Black). A reliable electronics accessory available on Nexora, offering good quality and value for everyday use.",1998
9096.jpg,"Sony WF-XB700 Bluetooth Truly Wireless in Ear Earbuds with 18 Hours Battery Life, Extra Bass with Mic for Phone Calls, Qui...","Sony WF-XB700 Bluetooth Truly Wireless in Ear Earbuds with 18 Hours Battery Life, Extra Bass with Mic for Phone Calls, Qui. A reliable electronics accessory available on Nexora, offering good quality and value for everyday use.",17584
4660.jpg,"GM 3061 EBook 4+4 Spike Adaptor with Individual Switch, Indicator, Safety Shutter, International Sockets & Surge Protector","GM 3061 EBook 4+4 Spike Adaptor with Individual Switch, Indicator, Safety Shutter, International Sockets & Surge Protector. A reliable electronics accessory available on Nexora, offering good quality and value for everyday use.",1328
6875.jpg,"IKALL K100 1.8 Inch Display Keypad Mobile (Dual Sim, 1000 mAh Battery) (Black)","IKALL K100 1.8 Inch Display Keypad Mobile (Dual Sim, 1000 mAh Battery) (Black). A reliable electronics accessory available on Nexora, offering good quality and value for everyday use.",1126
4288.jpg,"AmazonBasics Dual Monitor Stand - Height-Adjustable Arm Mount, Steel","AmazonBasics Dual Monitor Stand - Height-Adjustable Arm Mount, Steel. A reliable electronics accessory available on Nexora, offering good quality and value for everyday use.",6318
4048.jpg,"Nokia G11 Android 12 Smartphone, Dual SIM, 3-Day Battery Life, 4GB RAM + 64GB Storage, 50MP Dual AI Camera | Charcoal Grey","Nokia G11 Android 12 Smartphone, Dual SIM, 3-Day Battery Life, 4GB RAM + 64GB Storage, 50MP Dual AI Camera | Charcoal Grey. A reliable electronics accessory available on Nexora, offering good quality and value for everyday use.",15998
6410.jpg,AEIDESS Tempered Glass Screen Protector Compatible For Oneplus 7T with Edge to Edge Coverage and Easy Installation Kit,"AEIDESS Tempered Glass Screen Protector Compatible For Oneplus 7T with Edge to Edge Coverage and Easy Installation Kit. A reliable electronics accessory available on Nexora, offering good quality and value for everyday use.",238
7732.jpg,CROSSVOLT Adjustable Mi Band 5 & Mi Band 6 Watch Silicone Strap Band - (Set 5),"CROSSVOLT Adjustable Mi Band 5 & Mi Band 6 Watch Silicone Strap Band - (Set 5). A reliable electronics accessory available on Nexora, offering good quality and value for everyday use.",478
8400.jpg,Lenovo IdeaPad Slim 3 Intel Core i5 11th Gen 15.6 inches (39.62cm) FHD Thin & Light Business Laptop (8GB/512GB SSD/Windows...,"Lenovo IdeaPad Slim 3 Intel Core i5 11th Gen 15.6 inches (39.62cm) FHD Thin & Light Business Laptop (8GB/512GB SSD/Windows. A reliable electronics accessory available on Nexora, offering good quality and value for everyday use.",81370
8146.jpg,(Renewed) New Jbl Tune 130Nc Bluetooth Truly Wireless In Ear Earbuds With Mic Active Noise Cancellation Massive 40Hrs Play...,"(Renewed) New Jbl Tune 130Nc Bluetooth Truly Wireless In Ear Earbuds With Mic Active Noise Cancellation Massive 40Hrs Play. A reliable electronics accessory available on Nexora, offering good quality and value for everyday use.",5038
6837.jpg,"HP DHS-2101 2.0 USB Portable Multimedia Wired Black Speaker with 3.5mm AUX Connectivity, Black","HP DHS-2101 2.0 USB Portable Multimedia Wired Black Speaker with 3.5mm AUX Connectivity, Black. A reliable electronics accessory available on Nexora, offering good quality and value for everyday use.",2091
6301.jpg,"SanDisk Ultra Dual Drive Go USB 3.0 Type C Flash Drive, Peach, 128GB, 5Y","SanDisk Ultra Dual Drive Go USB 3.0 Type C Flash Drive, Peach, 128GB, 5Y. A reliable electronics accessory available on Nexora, offering good quality and value for everyday use.",1726
5573.jpg,POPIO Tempered Glass Compatible for Samsung Galaxy M30 / M30s / A30 / A30s / A50 / A50s (Transparent) Full Screen Coverage...,"POPIO Tempered Glass Compatible for Samsung Galaxy M30 / M30s / A30 / A30s / A50 / A50s (Transparent) Full Screen Coverage. A reliable electronics accessory available on Nexora, offering good quality and value for everyday use.",350
2835.jpg,Sony MDR-EX155AP in-Ear Wired Headphones with Mic (Light Blue),"Sony MDR-EX155AP in-Ear Wired Headphones with Mic (Light Blue). A reliable electronics accessory available on Nexora, offering good quality and value for everyday use.",1758
1593.jpg,HP 46 Ink Cartridge (Black),"HP 46 Ink Cartridge (Black). A reliable electronics accessory available on Nexora, offering good quality and value for everyday use.",1475
4978.jpg,YELLOWFIN Quick Release Universal Adjustable Car Mobile Phone Holder for Dashboard | Windshield with Long Telescopic Arm 3...,"YELLOWFIN Quick Release Universal Adjustable Car Mobile Phone Holder for Dashboard | Windshield with Long Telescopic Arm 3. A reliable electronics accessory available on Nexora, offering good quality and value for everyday use.",1038
2818.jpg,OpenTech® Tempered Glass Screen Protector Compatible for OnePlus 8T / 9 with Edge to Edge Coverage and Easy Installation kit,"OpenTech® Tempered Glass Screen Protector Compatible for OnePlus 8T / 9 with Edge to Edge Coverage and Easy Installation kit. A reliable electronics accessory available on Nexora, offering good quality and value for everyday use.",478
4800.jpg,"HP Smart Tank 589 All-in-one WiFi Colour Printer (Upto 6000 Black and 6000 Colour Pages Included in The Box). - Print, Sca...","HP Smart Tank 589 All-in-one WiFi Colour Printer (Upto 6000 Black and 6000 Colour Pages Included in The Box). - Print, Sca. A reliable electronics accessory available on Nexora, offering good quality and value for everyday use.",23358
2523.jpg,VU 139 cm (55 inches) The GloLED Series 4K Smart LED Google TV 55GloLED (Grey),"VU 139 cm (55 inches) The GloLED Series 4K Smart LED Google TV 55GloLED (Grey). A reliable electronics accessory available on Nexora, offering good quality and value for everyday use.",62398
6729.jpg,"YOUTH MOBI (Pack of 2 Tempered Glass Screen Protector Compatible for Samsung Galaxy Watch 4 (44mm) / Watch 5 (44mm) (1.4"" ...","YOUTH MOBI (Pack of 2 Tempered Glass Screen Protector Compatible for Samsung Galaxy Watch 4 (44mm) / Watch 5 (44mm) (1.4"". A reliable electronics accessory available on Nexora, offering good quality and value for everyday use.",338
3257.jpg,TheGiftKart Shockproof Crystal Clear Back Cover Case for Redmi A1 | 360 Degree Protection | Protective Design | Transparen...,"TheGiftKart Shockproof Crystal Clear Back Cover Case for Redmi A1 | 360 Degree Protection | Protective Design | Transparen. A reliable electronics accessory available on Nexora, offering good quality and value for everyday use.",318
5206.jpg,Gear Classic 20L Faux Leather Water Resistant Anti Theft Laptop Bag/Backpack for Men/Women-Black,"Gear Classic 20L Faux Leather Water Resistant Anti Theft Laptop Bag/Backpack for Men/Women-Black. A reliable electronics accessory available on Nexora, offering good quality and value for everyday use.",1648
3859.jpg,"boAt Aavante Bar 553 Portable Bluetooth Speaker, Soundbar with 16W RMS Stereo Sound, Dual EQ Modes, Multi-Compatibility, ...","boAt Aavante Bar 553 Portable Bluetooth Speaker, Soundbar with 16W RMS Stereo Sound, Dual EQ Modes, Multi-Compatibility,. A reliable electronics accessory available on Nexora, offering good quality and value for everyday use.",3198
2943.jpg,"Fitbit Inspire 2 Health & Fitness Tracker with a Free 1-Year Premium Trial, 24/7 Heart Rate, Black/Black, One Size (S & L ...","Fitbit Inspire 2 Health & Fitness Tracker with a Free 1-Year Premium Trial, 24/7 Heart Rate, Black/Black, One Size (S & L. A reliable electronics accessory available on Nexora, offering good quality and value for everyday use.",9598
2138.jpg,SanDisk Ultra Dual SDDD3-128G-I35 USB 3.0 128GB Flash Drive (Dual Micro-USB and USB 3.0 connectors),"SanDisk Ultra Dual SDDD3-128G-I35 USB 3.0 128GB Flash Drive (Dual Micro-USB and USB 3.0 connectors). A reliable electronics accessory available on Nexora, offering good quality and value for everyday use.",2072
1313.jpg,Samsung Level U2 Original in Ear Wireless Stereo Headset with Mic (Blue),"Samsung Level U2 Original in Ear Wireless Stereo Headset with Mic (Blue). A reliable electronics accessory available on Nexora, offering good quality and value for everyday use.",3518
6495.jpg,"tizum USB Type C to USB 3.0 OTG Cable/Adapter/Connector, Fast Charging/Data Transfer, Speed Upto 4.8 GBPS, Compatible with...","tizum USB Type C to USB 3.0 OTG Cable/Adapter/Connector, Fast Charging/Data Transfer, Speed Upto 4.8 GBPS, Compatible with. A reliable electronics accessory available on Nexora, offering good quality and value for everyday use.",398
1263.jpg,"D-Link DIR-825/IIN/J1 MU-MIMO Gigabit Wireless Router, Dual Band, 1200 Mbps Wi-Fi Speed, 5 Gigabit Port, 4 External Antenn...","D-Link DIR-825/IIN/J1 MU-MIMO Gigabit Wireless Router, Dual Band, 1200 Mbps Wi-Fi Speed, 5 Gigabit Port, 4 External Antenn. A reliable electronics accessory available on Nexora, offering good quality and value for everyday use.",3358
2149.jpg,"KYOSEI Dust-Filter Tempered Glass Compatible with iPhone 13/iPhone 13 Pro/iPhone 14(6.1""),with Speaker-Mesh,Edge-to-Edge C...","KYOSEI Dust-Filter Tempered Glass Compatible with iPhone 13/iPhone 13 Pro/iPhone 14(6.1""),with Speaker-Mesh,Edge-to-Edge C. A reliable electronics accessory available on Nexora, offering good quality and value for everyday use.",478
367.jpg,"Samsung Galaxy M53 5G (Deep Ocean Blue, 6GB, 128GB Storage) | 108MP | sAmoled+ 120Hz | 12GB RAM with RAM Plus | Travel Ada...","Samsung Galaxy M53 5G (Deep Ocean Blue, 6GB, 128GB Storage) | 108MP | sAmoled+ 120Hz | 12GB RAM with RAM Plus | Travel Ada. A reliable electronics accessory available on Nexora, offering good quality and value for everyday use.",35198
7624.jpg,Amazon Brand - Solimo Back Cover Case for REDMI Note 4 | Compatible for REDMI Note 4 Back Cover Case | 360 Degree Protecti...,"Amazon Brand - Solimo Back Cover Case for REDMI Note 4 | Compatible for REDMI Note 4 Back Cover Case | 360 Degree Protecti. A reliable electronics accessory available on Nexora, offering good quality and value for everyday use.",222
4899.jpg,Amozo Shockproof Liquid Silicone Designed for iPhone 14 / iPhone 13 Back Cover Case Gel Rubber Full Body Protection Anti-S...,"Amozo Shockproof Liquid Silicone Designed for iPhone 14 / iPhone 13 Back Cover Case Gel Rubber Full Body Protection Anti-S. A reliable electronics accessory available on Nexora, offering good quality and value for everyday use.",454
5998.jpg,"Apple 2020 MacBook Air Laptop M1 chip, 13.3-inch/33.74 cm Retina Display, 8GB RAM, 256GB SSD Storage, Backlit Keyboard, Fa...","Apple 2020 MacBook Air Laptop M1 chip, 13.3-inch/33.74 cm Retina Display, 8GB RAM, 256GB SSD Storage, Backlit Keyboard, Fa. A reliable electronics accessory available on Nexora, offering good quality and value for everyday use.",137584
29.jpg,"Hammer Ace 3.0 Bluetooth Calling Smart Watch with Largest 1.85"" IPS Display, Dual Mode, Spo2, Heart Rate, Strong Metallic ...","Hammer Ace 3.0 Bluetooth Calling Smart Watch with Largest 1.85"" IPS Display, Dual Mode, Spo2, Heart Rate, Strong Metallic. A reliable electronics accessory available on Nexora, offering good quality and value for everyday use.",2398
7569.jpg,"EMBOX 10A Extension board with usb port - 4 Universal Sockets and 3 USB (2.4 A) charging Ports with Indicator,2500w Heavy ...","EMBOX 10A Extension board with usb port - 4 Universal Sockets and 3 USB (2.4 A) charging Ports with Indicator,2500w Heavy. A reliable electronics accessory available on Nexora, offering good quality and value for everyday use.",1274
2954.jpg,POPIO Tempered Glass Screen Protector Compatible for Samsung Galaxy A32 4G / Samsung Galaxy M32 4G / Samsung Galaxy F22 / ...,"POPIO Tempered Glass Screen Protector Compatible for Samsung Galaxy A32 4G / Samsung Galaxy M32 4G / Samsung Galaxy F22 /. A reliable electronics accessory available on Nexora, offering good quality and value for everyday use.",240
965.jpg,"PTron Newly Launched Musicbot Lite 5W Mini Bluetooth Speaker with 6Hrs Playtime, Immersive Sound, 40mm Driver, BT5.1 with ...","PTron Newly Launched Musicbot Lite 5W Mini Bluetooth Speaker with 6Hrs Playtime, Immersive Sound, 40mm Driver, BT5.1 with. A reliable electronics accessory available on Nexora, offering good quality and value for everyday use.",792
2199.jpg,realme Pad WiFi+4G Tablet | 3GB RAM 32GB ROM (Expandable) | 26.4cm (10.4 inch) WUXGA+ Display | 7100 mAh Battery | Dolby A...,"realme Pad WiFi+4G Tablet | 3GB RAM 32GB ROM (Expandable) | 26.4cm (10.4 inch) WUXGA+ Display | 7100 mAh Battery | Dolby A. A reliable electronics accessory available on Nexora, offering good quality and value for everyday use.",25597
80.jpg,"Samsung Galaxy M33 5G (Deep Ocean Blue, 6GB, 128GB Storage) | 6000mAh Battery | Upto 12GB RAM with RAM Plus | Travel Adapt...","Samsung Galaxy M33 5G (Deep Ocean Blue, 6GB, 128GB Storage) | 6000mAh Battery | Upto 12GB RAM with RAM Plus | Travel Adapt. A reliable electronics accessory available on Nexora, offering good quality and value for everyday use.",2000
1833.jpg,"Digitek (DWM-001 Wireless Microphone & Receiver with Type C, Compatible for Noise Cancellation Mic Suitable for Vlog You T...","Digitek (DWM-001 Wireless Microphone & Receiver with Type C, Compatible for Noise Cancellation Mic Suitable for Vlog You T. A reliable electronics accessory available on Nexora, offering good quality and value for everyday use.",1598
6199.jpg,LAZI 100ml Blue Scented Laptop Screen Cleaner Cleaning Liquid Spray kit for Laptop PC Computer Tablet Smart Phone Screen D...,"LAZI 100ml Blue Scented Laptop Screen Cleaner Cleaning Liquid Spray kit for Laptop PC Computer Tablet Smart Phone Screen D. A reliable electronics accessory available on Nexora, offering good quality and value for everyday use.",238
1188.jpg,"Fire-Boltt Ninja 3 1.83"" Display Smartwatch Full Touch with 100+ Sports Modes with IP68, Sp02 Tracking, Over 100 Cloud Bas...","Fire-Boltt Ninja 3 1.83"" Display Smartwatch Full Touch with 100+ Sports Modes with IP68, Sp02 Tracking, Over 100 Cloud Bas. A reliable electronics accessory available on Nexora, offering good quality and value for everyday use.",2078
1937.jpg,"AmazonBasics Extended Gaming Mouse Pad,Black","AmazonBasics Extended Gaming Mouse Pad,Black. A reliable electronics accessory available on Nexora, offering good quality and value for everyday use.",734
5982.jpg,"Fastrack Reflex Activity Tracker - Full Touch, Color Display, Notification Alert - Upto 7 Days Battery Life","Fastrack Reflex Activity Tracker - Full Touch, Color Display, Notification Alert - Upto 7 Days Battery Life. A reliable electronics accessory available on Nexora, offering good quality and value for everyday use.",2160
2328.jpg,"pTron Tangent Urban, 60Hrs Playtime, ENC, Bluetooth 5.3 Earphones, Low Latency Gaming, Punchy Bass, in-Ear Wireless Headph...","pTron Tangent Urban, 60Hrs Playtime, ENC, Bluetooth 5.3 Earphones, Low Latency Gaming, Punchy Bass, in-Ear Wireless Headph. A reliable electronics accessory available on Nexora, offering good quality and value for everyday use.",1278
6365.jpg,"Mobilife Selfie Stick,Selfie Stick with Reinforced Tripod Stand,Selfie Stick Tripod for Mobile Phone 3 in 1 Bluetooth Self...","Mobilife Selfie Stick,Selfie Stick with Reinforced Tripod Stand,Selfie Stick Tripod for Mobile Phone 3 in 1 Bluetooth Self. A reliable electronics accessory available on Nexora, offering good quality and value for everyday use.",3274
3520.jpg,"Sony NWZ-B183F Walkman 4GB Digital Music Player with FM, 20 hours of battery life (Black)","Sony NWZ-B183F Walkman 4GB Digital Music Player with FM, 20 hours of battery life (Black). A reliable electronics accessory available on Nexora, offering good quality and value for everyday use.",6398
6173.jpg,DEVCOMM Finger (Pack of 6 pieces) Sleeves PUBG Finger For Mobile Game Controllers Anti Sweat Breathable Professional Touch...,"DEVCOMM Finger (Pack of 6 pieces) Sleeves PUBG Finger For Mobile Game Controllers Anti Sweat Breathable Professional Touch. A reliable electronics accessory available on Nexora, offering good quality and value for everyday use.",109
8089.jpg,"Beetel M73 Caller ID Corded Landline Phone with 16 Digit LCD Display, Retro Design, Alphanumeric Keypad, 2-Way Speaker Pho...","Beetel M73 Caller ID Corded Landline Phone with 16 Digit LCD Display, Retro Design, Alphanumeric Keypad, 2-Way Speaker Pho. A reliable electronics accessory available on Nexora, offering good quality and value for everyday use.",2592
106.jpg,"boAt Wave Call Smart Watch, Smart Talk with Advanced Dedicated Bluetooth Calling Chip, 1.69” HD Display with 550 NITS & 7...","boAt Wave Call Smart Watch, Smart Talk with Advanced Dedicated Bluetooth Calling Chip, 1.69” HD Display with 550 NITS & 7. A reliable electronics accessory available on Nexora, offering good quality and value for everyday use.",3198
5583.jpg,"ZEBRONICS Zeb Sonic BAR 100-120W RMS Soundbar with Subwoofer, RGB LED, HDMI ARC, BT v5.0, AUX, Type C + Dual 3.5mm Audio P...","ZEBRONICS Zeb Sonic BAR 100-120W RMS Soundbar with Subwoofer, RGB LED, HDMI ARC, BT v5.0, AUX, Type C + Dual 3.5mm Audio P. A reliable electronics accessory available on Nexora, offering good quality and value for everyday use.",9598
5630.jpg,"CEDO 65W OnePlus Dash Warp Charge Cable, 6.5A Type-C to USB C PD Data Sync Fast Charging Cable Compatible with One Plus 8...","CEDO 65W OnePlus Dash Warp Charge Cable, 6.5A Type-C to USB C PD Data Sync Fast Charging Cable Compatible with One Plus 8. A reliable electronics accessory available on Nexora, offering good quality and value for everyday use.",478
1739.jpg,"boAt Rockerz 550 Sunburn Edition with 50MM Drivers, 20 Hours Playback, Physical Noise Isolation and Soft Padded Earcups Ov...","boAt Rockerz 550 Sunburn Edition with 50MM Drivers, 20 Hours Playback, Physical Noise Isolation and Soft Padded Earcups Ov. A reliable electronics accessory available on Nexora, offering good quality and value for everyday use.",3198
6141.jpg,"Honeywell Surge Protector/Spike Guard/Extension Board, Master Switch, 4 Universal Sockets, 2USB Ports, 15000Amp, 2Mtr Cor...","Honeywell Surge Protector/Spike Guard/Extension Board, Master Switch, 4 Universal Sockets, 2USB Ports, 15000Amp, 2Mtr Cor. A reliable electronics accessory available on Nexora, offering good quality and value for everyday use.",2686
2114.jpg,"ZEBRONICS Zeb-County Bluetooth Speaker with Built-in FM Radio, Aux Input and Call Function (Grey)","ZEBRONICS Zeb-County Bluetooth Speaker with Built-in FM Radio, Aux Input and Call Function (Grey). A reliable electronics accessory available on Nexora, offering good quality and value for everyday use.",878
5411.jpg,"CP PLUS 2.4MP Full HD IR Dome Night Vision Camera, 3.6mm- 1080p CP-VAC-D24L2-V3","CP PLUS 2.4MP Full HD IR Dome Night Vision Camera, 3.6mm- 1080p CP-VAC-D24L2-V3. A reliable electronics accessory available on Nexora, offering good quality and value for everyday use.",1690
3114.jpg,Canon CL-57 Ink Cartridge (Color),"Canon CL-57 Ink Cartridge (Color). A reliable electronics accessory available on Nexora, offering good quality and value for everyday use.",1915
3184.jpg,ADISA Laptop Backpack 31 Ltrs,"ADISA Laptop Backpack 31 Ltrs. A reliable electronics accessory available on Nexora, offering good quality and value for everyday use.",798
3614.jpg,"Portronics My Buddy K5 Portable Laptop Tabletop Stand with Aluminium Frame, Adjustable Height, Compatible with All Laptops...","Portronics My Buddy K5 Portable Laptop Tabletop Stand with Aluminium Frame, Adjustable Height, Compatible with All Laptops. A reliable electronics accessory available on Nexora, offering good quality and value for everyday use.",3358
9196.jpg,"ESR Boost Kickstand Case for Samsung Galaxy S23 Ultra Case, 3 Stand Modes, Military-Grade Drop Protection, Supports Wirele...","ESR Boost Kickstand Case for Samsung Galaxy S23 Ultra Case, 3 Stand Modes, Military-Grade Drop Protection, Supports Wirele. A reliable electronics accessory available on Nexora, offering good quality and value for everyday use.",2278
668.jpg,"Tarkan Portable Folding Laptop Desk for Bed, Lapdesk with Handle, Drawer, Cup & Mobile/Tablet Holder for Study, Eating, Wo...","Tarkan Portable Folding Laptop Desk for Bed, Lapdesk with Handle, Drawer, Cup & Mobile/Tablet Holder for Study, Eating, Wo. A reliable electronics accessory available on Nexora, offering good quality and value for everyday use.",1598
7713.jpg,HELLO ZONE Rubber Exclusive Matte Finish Soft Back Cover for Nokia C01 Plus - Black,"HELLO ZONE Rubber Exclusive Matte Finish Soft Back Cover for Nokia C01 Plus - Black. A reliable electronics accessory available on Nexora, offering good quality and value for everyday use.",238
416.jpg,"realme TechLife Buds T100 Bluetooth Truly Wireless in Ear Earbuds with mic, AI ENC for Calls, Google Fast Pair, 28 Hours T...","realme TechLife Buds T100 Bluetooth Truly Wireless in Ear Earbuds with mic, AI ENC for Calls, Google Fast Pair, 28 Hours T. A reliable electronics accessory available on Nexora, offering good quality and value for everyday use.",2398
9082.jpg,MOSHKING Back Cover for Samsung Galaxy A23 4G / 5G with Slide Camera | Heavy Duty Military Grade Protection Mobile Phone C...,"MOSHKING Back Cover for Samsung Galaxy A23 4G / 5G with Slide Camera | Heavy Duty Military Grade Protection Mobile Phone C. A reliable electronics accessory available on Nexora, offering good quality and value for everyday use.",798
9251.jpg,"Fire-Boltt Tank 1.85"" Outdoor Rugged Bluetooth Calling Smart Watch, 123 Sports Mode, 8 UI Interactions, Built in Speaker &...","Fire-Boltt Tank 1.85"" Outdoor Rugged Bluetooth Calling Smart Watch, 123 Sports Mode, 8 UI Interactions, Built in Speaker &. A reliable electronics accessory available on Nexora, offering good quality and value for everyday use.",3198
7376.jpg,"GIZGA essentials (29cm x 24cm Gaming Mouse Pad, Laptop Desk Mat, Computer Mouse Pad with Smooth Mouse Control, Mercerized ...","GIZGA essentials (29cm x 24cm Gaming Mouse Pad, Laptop Desk Mat, Computer Mouse Pad with Smooth Mouse Control, Mercerized. A reliable electronics accessory available on Nexora, offering good quality and value for everyday use.",238
3887.jpg,"Noise Buds VS204 in-Ear Truly Wireless Earbuds with 50H of Playtime, ESR, Instacharge(10 min= 120 min), Hyper Sync,10mm Dr...","Noise Buds VS204 in-Ear Truly Wireless Earbuds with 50H of Playtime, ESR, Instacharge(10 min= 120 min), Hyper Sync,10mm Dr. A reliable electronics accessory available on Nexora, offering good quality and value for everyday use.",2398
4762.jpg,DEVCOMM Silicone Keyboard Skin Protector Keyguard Keyboard Dust Cover Keyboard Skin for Laptop 15.6 inches (3.93 x 11.99 x...,"DEVCOMM Silicone Keyboard Skin Protector Keyguard Keyboard Dust Cover Keyboard Skin for Laptop 15.6 inches (3.93 x 11.99 x. A reliable electronics accessory available on Nexora, offering good quality and value for everyday use.",157
9377.jpg,(Renewed) boAt Airdopes 441 Bluetooth Truly Wireless In Ear Earbuds with Mic (Sporty Blue),"(Renewed) boAt Airdopes 441 Bluetooth Truly Wireless In Ear Earbuds with Mic (Sporty Blue). A reliable electronics accessory available on Nexora, offering good quality and value for everyday use.",2398
1731.jpg,"Portronics Auto 20 Smart Audio Connector with Mobile Charger(Type C + QC 3.0), Latest Bluetooth 5.1, 30W Output, Handsfree...","Portronics Auto 20 Smart Audio Connector with Mobile Charger(Type C + QC 3.0), Latest Bluetooth 5.1, 30W Output, Handsfree. A reliable electronics accessory available on Nexora, offering good quality and value for everyday use.",1278
6711.jpg,"Tukzer RGB Gaming Mouse Pad with 4 USB HUB, Large Extended Soft Mouse Pad, LED Glowing Backlight 13 Lighting Modes| for Co...","Tukzer RGB Gaming Mouse Pad with 4 USB HUB, Large Extended Soft Mouse Pad, LED Glowing Backlight 13 Lighting Modes| for Co. A reliable electronics accessory available on Nexora, offering good quality and value for everyday use.",2558
1084.jpg,"Noise ColorFit Pulse Smartwatch with 3.56 cm (1.4"") Full Touch HD Display, SpO2, Heart Rate, Sleep Monitors & 10-Day Batte...","Noise ColorFit Pulse Smartwatch with 3.56 cm (1.4"") Full Touch HD Display, SpO2, Heart Rate, Sleep Monitors & 10-Day Batte. A reliable electronics accessory available on Nexora, offering good quality and value for everyday use.",2718
2302.jpg,Robustrion Anti-Scratch & Smudge Proof Tempered Glass Screen Protector for Realme Pad 10.4 inch,"Robustrion Anti-Scratch & Smudge Proof Tempered Glass Screen Protector for Realme Pad 10.4 inch. A reliable electronics accessory available on Nexora, offering good quality and value for everyday use.",558
0.jpg,"Redmi 10 Power (Power Black, 8GB RAM, 128GB Storage)","Redmi 10 Power (Power Black, 8GB RAM, 128GB Storage). A reliable electronics accessory available on Nexora, offering good quality and value for everyday use.",17598
4712.jpg,"Samsung T7 500GB Up to 1,050MB/s USB 3.2 Gen 2 (10Gbps, Type-C) External Solid State Drive (Portable SSD) Grey(MU-PC500T)","Samsung T7 500GB Up to 1,050MB/s USB 3.2 Gen 2 (10Gbps, Type-C) External Solid State Drive (Portable SSD) Grey(MU-PC500T). A reliable electronics accessory available on Nexora, offering good quality and value for everyday use.",9918
8117.jpg,"Dynotrek Grade 13-13.3 Inch Laptop Sleeve Case Cover with Charger Pouch Compatible for Inspiron 13 XPS, MacBook Pro M1 A24...","Dynotrek Grade 13-13.3 Inch Laptop Sleeve Case Cover with Charger Pouch Compatible for Inspiron 13 XPS, MacBook Pro M1 A24. A reliable electronics accessory available on Nexora, offering good quality and value for everyday use.",638
8127.jpg,Ola S1 Pro Charger Holder | Ola S1 Matel Charger Bracket Wall Mount with Key Lock Protection,"Ola S1 Pro Charger Holder | Ola S1 Matel Charger Bracket Wall Mount with Key Lock Protection. A reliable electronics accessory available on Nexora, offering good quality and value for everyday use.",1758
8903.jpg,"iClever Kids Unicorn Headphones for Girl Over The Ear Headphone with Mic/Shareport, Wired Cat Ear Headphones,94dB Volume L...","iClever Kids Unicorn Headphones for Girl Over The Ear Headphone with Mic/Shareport, Wired Cat Ear Headphones,94dB Volume L. A reliable electronics accessory available on Nexora, offering good quality and value for everyday use.",2718
567.jpg,realme narzo 50i Prime (Mint Green 4GB RAM+64GB Storage) Octa-core Processor |5000 mAh Battery,"realme narzo 50i Prime (Mint Green 4GB RAM+64GB Storage) Octa-core Processor |5000 mAh Battery. A reliable electronics accessory available on Nexora, offering good quality and value for everyday use.",13598
1732.jpg,"boAt Airdopes 191G True Wireless in Ear Earbuds with ENx Tech Equipped Quad Mics, Beast Mode(Low Latency- 65ms) for Gamin...","boAt Airdopes 191G True Wireless in Ear Earbuds with ENx Tech Equipped Quad Mics, Beast Mode(Low Latency- 65ms) for Gamin. A reliable electronics accessory available on Nexora, offering good quality and value for everyday use.",2398
6591.jpg,"Zebronics ZEB-JUKE BAR 9700 PRO DOLBY ATMOS Bluetooth Home Theater Soundbar With Subwoofer Supporting 4K HDR, Wall Mount, ...","Zebronics ZEB-JUKE BAR 9700 PRO DOLBY ATMOS Bluetooth Home Theater Soundbar With Subwoofer Supporting 4K HDR, Wall Mount,. A reliable electronics accessory available on Nexora, offering good quality and value for everyday use.",21598
7826.jpg,"Storite Optical Bay 2nd Hard Drive Caddy, Universal for 9.5mm CD/DVD Drive Slot (for SSD and HDD)","Storite Optical Bay 2nd Hard Drive Caddy, Universal for 9.5mm CD/DVD Drive Slot (for SSD and HDD). A reliable electronics accessory available on Nexora, offering good quality and value for everyday use.",526
8475.jpg,Laptop Table Leg mounts,"Laptop Table Leg mounts. A reliable electronics accessory available on Nexora, offering good quality and value for everyday use.",350
4749.jpg,Hynix Sk 8gb 2rx8 Pc3l-12800s 1600mhz Laptop RAM Memory Hmt41gs6bfr8a-pb,"Hynix Sk 8gb 2rx8 Pc3l-12800s 1600mhz Laptop RAM Memory Hmt41gs6bfr8a-pb. A reliable electronics accessory available on Nexora, offering good quality and value for everyday use.",1888
1010.jpg,"AmazonBasics Bluetooth Speaker 5.0 Soundbar with 16W RMS, 2000mAh Battery, Upto 19 Hrs Playtime Aux/USB Port (Grey)","AmazonBasics Bluetooth Speaker 5.0 Soundbar with 16W RMS, 2000mAh Battery, Upto 19 Hrs Playtime Aux/USB Port (Grey). A reliable electronics accessory available on Nexora, offering good quality and value for everyday use.",1998
8779.jpg,"Pebble Newly Launched Cosmos Prime BT Calling Smart Watch with Largest 1.91"" Bezel-Less Edge-to-Edge Display, 600 Nits Bri...","Pebble Newly Launched Cosmos Prime BT Calling Smart Watch with Largest 1.91"" Bezel-Less Edge-to-Edge Display, 600 Nits Bri. A reliable electronics accessory available on Nexora, offering good quality and value for everyday use.",6078
3780.jpg,Winble Silicone Back Cover for OnePlus Nord CE 2 Lite 5G Camera Protection Soft Silicon Protective Back Cover Case for One...,"Winble Silicone Back Cover for OnePlus Nord CE 2 Lite 5G Camera Protection Soft Silicon Protective Back Cover Case for One. A reliable electronics accessory available on Nexora, offering good quality and value for everyday use.",478
4411.jpg,"DIZO Buds P with Fast Charge, 40HPlaytime & 13mm Driver (by realme TechLife) Bluetooth Headset  (Dynamo Black, True Wireless)","DIZO Buds P with Fast Charge, 40HPlaytime & 13mm Driver (by realme TechLife) Bluetooth Headset  (Dynamo Black, True Wireless). A reliable electronics accessory available on Nexora, offering good quality and value for everyday use.",2078
4220.jpg,CLOUDD CR2032 3V Lithium Button Battery Pack 2,"CLOUDD CR2032 3V Lithium Button Battery Pack 2. A reliable electronics accessory available on Nexora, offering good quality and value for everyday use.",318
9190.jpg,"WELBORN ENEL14 Battery Pack Compatible with Nikon Digital Camera,D5600,D3500,D3400, D3100,D3200,D3300, D5100, D5200, D530...","WELBORN ENEL14 Battery Pack Compatible with Nikon Digital Camera,D5600,D3500,D3400, D3100,D3200,D3300, D5100, D5200, D530. A reliable electronics accessory available on Nexora, offering good quality and value for everyday use.",1974
5684.jpg,"ProElite Smart Flip Case Cover for Apple iPad 10.2"" 9th Gen (2021) / 8th Gen / 7th Gen with Stylus Pen, Rose Gold","ProElite Smart Flip Case Cover for Apple iPad 10.2"" 9th Gen (2021) / 8th Gen / 7th Gen with Stylus Pen, Rose Gold. A reliable electronics accessory available on Nexora, offering good quality and value for everyday use.",878
1145.jpg,"Lenovo 15.6"" (39.62cm) Slim Everyday Backpack, Made in India, Compact, Water-resistant, Organized storage:Laptop sleeve,ta...","Lenovo 15.6"" (39.62cm) Slim Everyday Backpack, Made in India, Compact, Water-resistant, Organized storage:Laptop sleeve,ta. A reliable electronics accessory available on Nexora, offering good quality and value for everyday use.",1043
5464.jpg,OpenTech® Tempered Glass Screen Protector Compatible for Samsung Galaxy M31s / A51 / A52 / A52s / A52 5G with Easy Install...,"OpenTech® Tempered Glass Screen Protector Compatible for Samsung Galaxy M31s / A51 / A52 / A52s / A52 5G with Easy Install. A reliable electronics accessory available on Nexora, offering good quality and value for everyday use.",398
1483.jpg,iFFALCON 147 cm (58 inches) 4K Ultra HD Smart LED Google TV iFF58U62 (Black),"iFFALCON 147 cm (58 inches) 4K Ultra HD Smart LED Google TV iFF58U62 (Black). A reliable electronics accessory available on Nexora, offering good quality and value for everyday use.",54398
7061.jpg,Spigen Ultra Hybrid S Back Cover Case for Galaxy S23 Ultra (Poly Carbonate + TPU + Kickstand | Crystal Clear),"Spigen Ultra Hybrid S Back Cover Case for Galaxy S23 Ultra (Poly Carbonate + TPU + Kickstand | Crystal Clear). A reliable electronics accessory available on Nexora, offering good quality and value for everyday use.",3998
6350.jpg,Casio CTX700 61-Key Touch Sensitive Portable Keyboard with Piano tones,"Casio CTX700 61-Key Touch Sensitive Portable Keyboard with Piano tones. A reliable electronics accessory available on Nexora, offering good quality and value for everyday use.",19507
7540.jpg,NoWorries - Creative thoughts Motivational Quotes Scratch-Free Vinyl Laptop Skin/Sticker for 15.6inch/14inch Laptops [Size...,"NoWorries - Creative thoughts Motivational Quotes Scratch-Free Vinyl Laptop Skin/Sticker for 15.6inch/14inch Laptops [Size. A reliable electronics accessory available on Nexora, offering good quality and value for everyday use.",382
9465.jpg,"(Renewed) Fire-Boltt Tank 1.85"" Bluetooth Calling Smart Watch, 123 Sports Mode, 8 UI Interactions, Built in Speaker & Mic,...","(Renewed) Fire-Boltt Tank 1.85"" Bluetooth Calling Smart Watch, 123 Sports Mode, 8 UI Interactions, Built in Speaker & Mic,. A reliable electronics accessory available on Nexora, offering good quality and value for everyday use.",2718
7978.jpg,"EGate i9 Pro 1080p HD 720p Native 2400 Lumens 210 ANSI Portable Projector, 120"" max Screen (3.04 m) 1280 x 720 | VGA, AV, ...","EGate i9 Pro 1080p HD 720p Native 2400 Lumens 210 ANSI Portable Projector, 120"" max Screen (3.04 m) 1280 x 720 | VGA, AV,. A reliable electronics accessory available on Nexora, offering good quality and value for everyday use.",10368
7611.jpg,Yumin Polyester Handlebar Universal Mobile Holder Mount Pouch Bag Waterproof for Activa Jupiter EV Ola-S1 Pleasure Ntroq_A...,"Yumin Polyester Handlebar Universal Mobile Holder Mount Pouch Bag Waterproof for Activa Jupiter EV Ola-S1 Pleasure Ntroq_A. A reliable electronics accessory available on Nexora, offering good quality and value for everyday use.",606
1516.jpg,"Gizga Essentials Laptop Bag Sleeve Case Cover Pouch with Handle for 14.1 Inch Laptop for Men & Women, Padded Laptop Compar...","Gizga Essentials Laptop Bag Sleeve Case Cover Pouch with Handle for 14.1 Inch Laptop for Men & Women, Padded Laptop Compar. A reliable electronics accessory available on Nexora, offering good quality and value for everyday use.",430
6323.jpg,"Tizum Gel Mouse Pad Wrist Rest Gel Foam Mousepad,Cushion Wrist Support & Pain Relief, Suitable for Gaming, Computer, Lapto...","Tizum Gel Mouse Pad Wrist Rest Gel Foam Mousepad,Cushion Wrist Support & Pain Relief, Suitable for Gaming, Computer, Lapto. A reliable electronics accessory available on Nexora, offering good quality and value for everyday use.",718
1400.jpg,"Ambrane 20W Type C Charger/Adapter, PD Technology Fast Charging for iPhone 8 or Above, Android & Other Type C Enabled Devi...","Ambrane 20W Type C Charger/Adapter, PD Technology Fast Charging for iPhone 8 or Above, Android & Other Type C Enabled Devi. A reliable electronics accessory available on Nexora, offering good quality and value for everyday use.",958
2133.jpg,"Noise Pulse Buzz 1.69"" Bluetooth Calling Smart Watch with Call Function, 150 Watch Faces, 60 Sports Modes, Spo2 & Heart Ra...","Noise Pulse Buzz 1.69"" Bluetooth Calling Smart Watch with Call Function, 150 Watch Faces, 60 Sports Modes, Spo2 & Heart Ra. A reliable electronics accessory available on Nexora, offering good quality and value for everyday use.",3198
1747.jpg,"TP-Link Nano USB WiFi Dongle 150Mbps High Gain Wireless Network Wi-Fi Adapter for PC Desktop and Laptops, Supports Windows...","TP-Link Nano USB WiFi Dongle 150Mbps High Gain Wireless Network Wi-Fi Adapter for PC Desktop and Laptops, Supports Windows. A reliable electronics accessory available on Nexora, offering good quality and value for everyday use.",1118
8333.jpg,"Elv Wall Mount Mobile Holder, Mobile Stand for All Smartphones with Strong Adhesive Strips, Compatible with iPhone, Smartp...","Elv Wall Mount Mobile Holder, Mobile Stand for All Smartphones with Strong Adhesive Strips, Compatible with iPhone, Smartp. A reliable electronics accessory available on Nexora, offering good quality and value for everyday use.",238
1597.jpg,"Belkin Apple Certified Lightning To Type C Cable, Fast Charging For Iphone, Ipad, Air Pods, 3.3 Feet (1 Meters)  White","Belkin Apple Certified Lightning To Type C Cable, Fast Charging For Iphone, Ipad, Air Pods, 3.3 Feet (1 Meters)  White. A reliable electronics accessory available on Nexora, offering good quality and value for everyday use.",1598
1803.jpg,New Fastrack Reflex Beat+ 1.69” UltraVU Display|500 Nits Brightness|60 Sports Modes|24*7 Heart Rate Monitor|SpO2 Monitor|S...,"New Fastrack Reflex Beat+ 1.69” UltraVU Display|500 Nits Brightness|60 Sports Modes|24*7 Heart Rate Monitor|SpO2 Monitor|S. A reliable electronics accessory available on Nexora, offering good quality and value for everyday use.",2712
9115.jpg,"ORICO Aluminum M.2 NVMe SSD Enclosure, Tool-Free 10Gbps USB C Adapter, USB 3.2 M.2 NVMe Reader, External SSD Case Thunderb...","ORICO Aluminum M.2 NVMe SSD Enclosure, Tool-Free 10Gbps USB C Adapter, USB 3.2 M.2 NVMe Reader, External SSD Case Thunderb. A reliable electronics accessory available on Nexora, offering good quality and value for everyday use.",2302
251.jpg,"realme narzo 50A Prime (Flash Black, 4GB RAM+128GB Storage) FHD+ Display | 50MP AI Triple Camera | Charger Included","realme narzo 50A Prime (Flash Black, 4GB RAM+128GB Storage) FHD+ Display | 50MP AI Triple Camera | Charger Included. A reliable electronics accessory available on Nexora, offering good quality and value for everyday use.",16798
6820.jpg,Conbre CruizerXR Outdoor WiFi 1080p Motorized Pan/Tilt Camera |Color Night Vision | Dust and Water Protection | Auto Cruis...,"Conbre CruizerXR Outdoor WiFi 1080p Motorized Pan/Tilt Camera |Color Night Vision | Dust and Water Protection | Auto Cruis. A reliable electronics accessory available on Nexora, offering good quality and value for everyday use.",3998
4002.jpg,"Miracase Upgrade Cover for Airpods Pro 2 2022 Launch Case, Triple Layer Protective Liquid Silicone Case for AirPods Pro 2n...","Miracase Upgrade Cover for Airpods Pro 2 2022 Launch Case, Triple Layer Protective Liquid Silicone Case for AirPods Pro 2n. A reliable electronics accessory available on Nexora, offering good quality and value for everyday use.",558
1626.jpg,POPIO Screen Guard for Samsung Galaxy S22 Ultra 5G / Samsung Galaxy S23 Ultra 5G (Transparent) Edge to Edge Full Screen Co...,"POPIO Screen Guard for Samsung Galaxy S22 Ultra 5G / Samsung Galaxy S23 Ultra 5G (Transparent) Edge to Edge Full Screen Co. A reliable electronics accessory available on Nexora, offering good quality and value for everyday use.",478
4751.jpg,Pikkme iPhone 12/12 Pro Back Cover | Flexible Pu Leather | Full Camera Protection | Raised Edges | Super Soft-Touch | Bump...,"Pikkme iPhone 12/12 Pro Back Cover | Flexible Pu Leather | Full Camera Protection | Raised Edges | Super Soft-Touch | Bump. A reliable electronics accessory available on Nexora, offering good quality and value for everyday use.",478
9589.jpg,"wooum Polyester iPad 11 Pro Sleeve / Case / Pouch 9.7, 10.5, 10.9"" Tablet Pouch / Tablet Sleeve / Tablet Bag / iPad Cover...","wooum Polyester iPad 11 Pro Sleeve / Case / Pouch 9.7, 10.5, 10.9"" Tablet Pouch / Tablet Sleeve / Tablet Bag / iPad Cover. A reliable electronics accessory available on Nexora, offering good quality and value for everyday use.",52592
2651.jpg,Spigen Ultra Hybrid Matte Back Cover Case for iPhone 13 (TPU + Poly Carbonate | Frost Black),"Spigen Ultra Hybrid Matte Back Cover Case for iPhone 13 (TPU + Poly Carbonate | Frost Black). A reliable electronics accessory available on Nexora, offering good quality and value for everyday use.",2718
3470.jpg,"pTron Bassbuds Eon Truly Wireless in Ear Earbuds with Mic,ENC, 13mm Driver, Immersive Sound, BT 5.3, Quick Pairing, Touch ...","pTron Bassbuds Eon Truly Wireless in Ear Earbuds with Mic,ENC, 13mm Driver, Immersive Sound, BT 5.3, Quick Pairing, Touch. A reliable electronics accessory available on Nexora, offering good quality and value for everyday use.",1598
457.jpg,Zebronics Wired Keyboard and Mouse Combo with 104 Keys and a USB Mouse with 1200 DPI - JUDWAA 750,"Zebronics Wired Keyboard and Mouse Combo with 104 Keys and a USB Mouse with 1200 DPI - JUDWAA 750. A reliable electronics accessory available on Nexora, offering good quality and value for everyday use.",717
9342.jpg,MOBITUSSION Shockproof Flexible Matte Square Pattern Silicon TPU Camera Protection Back Cover Compatible for iPhone 11 (Pu...,"MOBITUSSION Shockproof Flexible Matte Square Pattern Silicon TPU Camera Protection Back Cover Compatible for iPhone 11 (Pu. A reliable electronics accessory available on Nexora, offering good quality and value for everyday use.",478
14.jpg,"boAt Airdopes 141 Bluetooth Truly Wireless in Ear Earbuds with 42H Playtime, Beast Mode(Low Latency Upto 80ms) for Gaming,...","boAt Airdopes 141 Bluetooth Truly Wireless in Ear Earbuds with 42H Playtime, Beast Mode(Low Latency Upto 80ms) for Gaming,. A reliable electronics accessory available on Nexora, offering good quality and value for everyday use.",2078
3131.jpg,LRIPL Compatible Sony Bravia LCD/led Remote Works with Almost All Sony led/LCD tv's,"LRIPL Compatible Sony Bravia LCD/led Remote Works with Almost All Sony led/LCD tv's. A reliable electronics accessory available on Nexora, offering good quality and value for everyday use.",622
4386.jpg,Sounce Soft TPU Front Protection Case Cover for Amazfit GTS 2 Mini/BIP U/Bip U Pro/BIP Lite/Bip S/Bip S Lite Smart Watch (...,"Sounce Soft TPU Front Protection Case Cover for Amazfit GTS 2 Mini/BIP U/Bip U Pro/BIP Lite/Bip S/Bip S Lite Smart Watch (. A reliable electronics accessory available on Nexora, offering good quality and value for everyday use.",158
5937.jpg,Caldipree Silicone Full Wrap Remote Case Compatible with LG AN-MR19BA AN-MR600 Magic Remote with Lanyard (Black),"Caldipree Silicone Full Wrap Remote Case Compatible with LG AN-MR19BA AN-MR600 Magic Remote with Lanyard (Black). A reliable electronics accessory available on Nexora, offering good quality and value for everyday use.",558
2191.jpg,MI 108 cm (43 inches) 5A Series Full HD Smart Android LED TV L43M7-EAIN (Black),"MI 108 cm (43 inches) 5A Series Full HD Smart Android LED TV L43M7-EAIN (Black). A reliable electronics accessory available on Nexora, offering good quality and value for everyday use.",38238
4999.jpg,"65W Charger for OnePlus Nord CE 2 5G Ultra Charger Original Adapter Like Qualcomm QC 4.0 Quick Charge, Rapid, Dash, VOOC, ...","65W Charger for OnePlus Nord CE 2 5G Ultra Charger Original Adapter Like Qualcomm QC 4.0 Quick Charge, Rapid, Dash, VOOC,. A reliable electronics accessory available on Nexora, offering good quality and value for everyday use.",1062
5825.jpg,"Portronics Harmonics Z5 Wireless Bluetooth Stereo Headset with 33Hrs Playtime, Double EQ Mode, 14.2 mm Dynamic Drivers, Cl...","Portronics Harmonics Z5 Wireless Bluetooth Stereo Headset with 33Hrs Playtime, Double EQ Mode, 14.2 mm Dynamic Drivers, Cl. A reliable electronics accessory available on Nexora, offering good quality and value for everyday use.",1198
8595.jpg,Pikkme Samsung Galaxy M13 4G Flip Case Leather Finish | Inside TPU with Card Pockets | Wallet Stand and Shock Proof | Magn...,"Pikkme Samsung Galaxy M13 4G Flip Case Leather Finish | Inside TPU with Card Pockets | Wallet Stand and Shock Proof | Magn. A reliable electronics accessory available on Nexora, offering good quality and value for everyday use.",318
9085.jpg,"insta360 ONE RS Twin Edition Waterproof Optical Zoom, 1x 4K 60fps Action Camera & 5.7K 360 Camera with Interchangeable Len...","insta360 ONE RS Twin Edition Waterproof Optical Zoom, 1x 4K 60fps Action Camera & 5.7K 360 Camera with Interchangeable Len. A reliable electronics accessory available on Nexora, offering good quality and value for everyday use.",70384
971.jpg,"boAt Newly Launched Rockerz 255 Max in Ear Earphones with 60H Playtime, EQ Modes, Power Magnetic Earbuds, Beast™ Mode,ENx™...","boAt Newly Launched Rockerz 255 Max in Ear Earphones with 60H Playtime, EQ Modes, Power Magnetic Earbuds, Beast™ Mode,ENx™. A reliable electronics accessory available on Nexora, offering good quality and value for everyday use.",2238
5737.jpg,Wayona USB Type C 6FT 2Meter Charger Cable Fast Charging USB C Cable Compatible for Samsung Galaxy S10e S20 S9 S8 Plus S1...,"Wayona USB Type C 6FT 2Meter Charger Cable Fast Charging USB C Cable Compatible for Samsung Galaxy S10e S20 S9 S8 Plus S1. A reliable electronics accessory available on Nexora, offering good quality and value for everyday use.",510
4056.jpg,"REDTECH One Plus Latest Mobile USB Type C to 3.5 mm Jack Audio Connector, Noise Cancelling Headphones Jack Converter Audio...","REDTECH One Plus Latest Mobile USB Type C to 3.5 mm Jack Audio Connector, Noise Cancelling Headphones Jack Converter Audio. A reliable electronics accessory available on Nexora, offering good quality and value for everyday use.",318
5484.jpg,Spigen Liquid Air Back Cover Case Compatible For OnePlus Nord 2T 5G (TPU | Matte Black),"Spigen Liquid Air Back Cover Case Compatible For OnePlus Nord 2T 5G (TPU | Matte Black). A reliable electronics accessory available on Nexora, offering good quality and value for everyday use.",1758
1103.jpg,"OnePlus Nord Watch with 1.78” AMOLED Display, 60 Hz Refresh Rate, 105 Fitness Modes, 10 Days Battery, SPO2, Heart Rate, St...","OnePlus Nord Watch with 1.78” AMOLED Display, 60 Hz Refresh Rate, 105 Fitness Modes, 10 Days Battery, SPO2, Heart Rate, St. A reliable electronics accessory available on Nexora, offering good quality and value for everyday use.",7998
88.jpg,"Dell USB Wireless Keyboard and Mouse Set- KM3322W, Anti-Fade & Spill-Resistant Keys, up to 36 Month Battery Life, 3Y Advan...","Dell USB Wireless Keyboard and Mouse Set- KM3322W, Anti-Fade & Spill-Resistant Keys, up to 36 Month Battery Life, 3Y Advan. A reliable electronics accessory available on Nexora, offering good quality and value for everyday use.",2078
4315.jpg,Amkette iGrip Drive Compact Car Phone Holder with Quick Release Function | Strong and Durable | Silicone Base Clamp | Stic...,"Amkette iGrip Drive Compact Car Phone Holder with Quick Release Function | Strong and Durable | Silicone Base Clamp | Stic. A reliable electronics accessory available on Nexora, offering good quality and value for everyday use.",1118
4695.jpg,"EVM 2.5"" 512GB SATA SSD Next-gen 3D TLC NAND Internal SSD, Flash Fast Performance Ultra Low Power Consumption (EVM25, Black)","EVM 2.5"" 512GB SATA SSD Next-gen 3D TLC NAND Internal SSD, Flash Fast Performance Ultra Low Power Consumption (EVM25, Black). A reliable electronics accessory available on Nexora, offering good quality and value for everyday use.",3542
1550.jpg,EGOTUDE Shockproof Transparent Hard Back Scratch Resistant Cover Case for iPhone 14 / iPhone 13 (Clear),"EGOTUDE Shockproof Transparent Hard Back Scratch Resistant Cover Case for iPhone 14 / iPhone 13 (Clear). A reliable electronics accessory available on Nexora, offering good quality and value for everyday use.",446
131.jpg,"Oppo A78 5G (Glowing Black, 8GB RAM, 128 Storage) | 5000 mAh Battery with 33W SUPERVOOC Charger| 50MP AI Camera | 90Hz Ref...","Oppo A78 5G (Glowing Black, 8GB RAM, 128 Storage) | 5000 mAh Battery with 33W SUPERVOOC Charger| 50MP AI Camera | 90Hz Ref. A reliable electronics accessory available on Nexora, offering good quality and value for everyday use.",30398
4750.jpg,"Amazon Basics High Speed HDMI Cable (Gold-Plated, A Male to A Male) - Supports 4K @60Hz and Audio Return (3 Feet)","Amazon Basics High Speed HDMI Cable (Gold-Plated, A Male to A Male) - Supports 4K @60Hz and Audio Return (3 Feet). A reliable electronics accessory available on Nexora, offering good quality and value for everyday use.",654
5559.jpg,OMOTON Advanced 9H Tempered Glass Screen Protector Compatible for Google Pixel 4a Edge to Edge with Easy Installation Kit,"OMOTON Advanced 9H Tempered Glass Screen Protector Compatible for Google Pixel 4a Edge to Edge with Easy Installation Kit. A reliable electronics accessory available on Nexora, offering good quality and value for everyday use.",402
1488.jpg,"DYAZO 10 Inches LED Ring Light for Camera, and Video Shooting , Makeup with 7 Feet Long Foldable and Lightweight Ring Ligh...","DYAZO 10 Inches LED Ring Light for Camera, and Video Shooting , Makeup with 7 Feet Long Foldable and Lightweight Ring Ligh. A reliable electronics accessory available on Nexora, offering good quality and value for everyday use.",1118
5064.jpg,ORUM Standard Multi-Purpose Laptop Table with Dock Stand/Study Table/Bed Table/Foldable and Portable/Ergonomic & Rounded E...,"ORUM Standard Multi-Purpose Laptop Table with Dock Stand/Study Table/Bed Table/Foldable and Portable/Ergonomic & Rounded E. A reliable electronics accessory available on Nexora, offering good quality and value for everyday use.",334
2770.jpg,JetLife Premium Mobile Holder/Pouch-Bag for Scooters Scooty's Activa Jupiter EV's etc | Universal X1 Model (Black),"JetLife Premium Mobile Holder/Pouch-Bag for Scooters Scooty's Activa Jupiter EV's etc | Universal X1 Model (Black). A reliable electronics accessory available on Nexora, offering good quality and value for everyday use.",638
7856.jpg,"Lenovo B0919NL1HZ Tab M8 HD 2nd Gen (8 inch(20cm), 3GB, 32 GB, Wi-Fi+LTE with Calling), Iron Grey","Lenovo B0919NL1HZ Tab M8 HD 2nd Gen (8 inch(20cm), 3GB, 32 GB, Wi-Fi+LTE with Calling), Iron Grey. A reliable electronics accessory available on Nexora, offering good quality and value for everyday use.",17118
518.jpg,"Redgear A-15 Wired Gaming Mouse with Upto 6400 DPI, RGB & Driver Customization for PC(Black)","Redgear A-15 Wired Gaming Mouse with Upto 6400 DPI, RGB & Driver Customization for PC(Black). A reliable electronics accessory available on Nexora, offering good quality and value for everyday use.",798
2692.jpg,"All-New Echo Dot (5th Gen, 2023 release) | Smart speaker with Bigger sound, Motion Detection, Temperature Sensor and Alex...","All-New Echo Dot (5th Gen, 2023 release) | Smart speaker with Bigger sound, Motion Detection, Temperature Sensor and Alex. A reliable electronics accessory available on Nexora, offering good quality and value for everyday use.",8798
2807.jpg,Pikkme iPhone 13 Back Cover | Flexible Pu Leather | Full Camera Protection | Raised Edges | Super Soft-Touch | Bumper Case...,"Pikkme iPhone 13 Back Cover | Flexible Pu Leather | Full Camera Protection | Raised Edges | Super Soft-Touch | Bumper Case. A reliable electronics accessory available on Nexora, offering good quality and value for everyday use.",478
5768.jpg,Amazon Brand - Solimo Pouch for Mi Redmi Note 10 Pro Max (Silicone_Clear),"Amazon Brand - Solimo Pouch for Mi Redmi Note 10 Pro Max (Silicone_Clear). A reliable electronics accessory available on Nexora, offering good quality and value for everyday use.",222
7118.jpg,"SpinBot BattleBudz W20 Wired in Ear Gaming Earphones with mic for Mobile, PC/Laptop, Xbox One, PS4, PS5 (Green)","SpinBot BattleBudz W20 Wired in Ear Gaming Earphones with mic for Mobile, PC/Laptop, Xbox One, PS4, PS5 (Green). A reliable electronics accessory available on Nexora, offering good quality and value for everyday use.",1166
3205.jpg,"GOVO GOKIXX 621 Bluetooth Neckband, 22 Hours Battery, ENC Technology, Fast Charge, Smart Magnetic Buds, Gaming Mode, 10mm ...","GOVO GOKIXX 621 Bluetooth Neckband, 22 Hours Battery, ENC Technology, Fast Charge, Smart Magnetic Buds, Gaming Mode, 10mm. A reliable electronics accessory available on Nexora, offering good quality and value for everyday use.",1918
36.jpg,"OnePlus 11R 5G (Galactic Silver, 8GB RAM, 128GB Storage)","OnePlus 11R 5G (Galactic Silver, 8GB RAM, 128GB Storage). A reliable electronics accessory available on Nexora, offering good quality and value for everyday use.",63998
8377.jpg,"iQOO 11 5G (Legend, 8GB RAM, 256 GB Storage) | Snapdragon ® 8 Gen 2 Mobile Platform | 2K E6 AMOLED Display | V2 Intelligen...","iQOO 11 5G (Legend, 8GB RAM, 256 GB Storage) | Snapdragon ® 8 Gen 2 Mobile Platform | 2K E6 AMOLED Display | V2 Intelligen. A reliable electronics accessory available on Nexora, offering good quality and value for everyday use.",95984
4977.jpg,Sounce Adjustable Xiaomi Mi Band 5 & Mi Band 6 Watch Strap Silicone Adjustable - Set of 5,"Sounce Adjustable Xiaomi Mi Band 5 & Mi Band 6 Watch Strap Silicone Adjustable - Set of 5. A reliable electronics accessory available on Nexora, offering good quality and value for everyday use.",478
8049.jpg,"Amkette Flexi Tabletop Phone Holder, Flexible Telescopic Long Arm Mount with 360 Degree Rotatable Clamp Compatible with Al...","Amkette Flexi Tabletop Phone Holder, Flexible Telescopic Long Arm Mount with 360 Degree Rotatable Clamp Compatible with Al. A reliable electronics accessory available on Nexora, offering good quality and value for everyday use.",1518
8169.jpg,"Meyaar Compatible for AirPods Pro 2nd Generation Case Cover with Keychain, Soft Silicone Skin Case Cover Full Protective (...","Meyaar Compatible for AirPods Pro 2nd Generation Case Cover with Keychain, Soft Silicone Skin Case Cover Full Protective (. A reliable electronics accessory available on Nexora, offering good quality and value for everyday use.",478
2609.jpg,"ONEPLUS USB 3.0 to Type-C OTG Cable Adapter Compatible with USB to c Type Converter Supporting All laptops, Mobile Smartph...","ONEPLUS USB 3.0 to Type-C OTG Cable Adapter Compatible with USB to c Type Converter Supporting All laptops, Mobile Smartph. A reliable electronics accessory available on Nexora, offering good quality and value for everyday use.",302
4010.jpg,TheGiftKart Rugged Carbon Fibre Armor Back Cover Case for OnePlus 6T / OnePlus 7 (TPU | Blue),"TheGiftKart Rugged Carbon Fibre Armor Back Cover Case for OnePlus 6T / OnePlus 7 (TPU | Blue). A reliable electronics accessory available on Nexora, offering good quality and value for everyday use.",478
6885.jpg,"Dyazo Memory-Foam Gel Mouse Pad with Wrist Rest Support Non Slip Rubber Base Mousepad Suitable for Computer, Laptop, Noteb...","Dyazo Memory-Foam Gel Mouse Pad with Wrist Rest Support Non Slip Rubber Base Mousepad Suitable for Computer, Laptop, Noteb. A reliable electronics accessory available on Nexora, offering good quality and value for everyday use.",638
2115.jpg,"AmazonBasics Monitor Stand, Height Adjustable Arm Mount- Steel","AmazonBasics Monitor Stand, Height Adjustable Arm Mount- Steel. A reliable electronics accessory available on Nexora, offering good quality and value for everyday use.",3854
7209.jpg,Newly Launched Fire_Bolt Ring 3 Smart Watch Charging Cable USB Fast Charger Magnetic Charging Cable Adapter (Charger only ...,"Newly Launched Fire_Bolt Ring 3 Smart Watch Charging Cable USB Fast Charger Magnetic Charging Cable Adapter (Charger only. A reliable electronics accessory available on Nexora, offering good quality and value for everyday use.",398
7048.jpg,Spigen Rugged Armor Back Cover Case for iPhone 13 (TPU | Matte Black),"Spigen Rugged Armor Back Cover Case for iPhone 13 (TPU | Matte Black). A reliable electronics accessory available on Nexora, offering good quality and value for everyday use.",2078
5143.jpg,"7 in 1 USB-C Hub (3 x USB-A 3.0 Ports, 1 x USB-C Power Delivery, 1 x SD,1 x TF-Card,1 x 4K HDMI) Compatible with Windows,M...","7 in 1 USB-C Hub (3 x USB-A 3.0 Ports, 1 x USB-C Power Delivery, 1 x SD,1 x TF-Card,1 x 4K HDMI) Compatible with Windows,M. A reliable electronics accessory available on Nexora, offering good quality and value for everyday use.",3198
624.jpg,Canon CL57s Ink Cartridge,"Canon CL57s Ink Cartridge. A reliable electronics accessory available on Nexora, offering good quality and value for everyday use.",1210
1479.jpg,Spigen EZ Fit Tempered Glass Screen Protector Guard for iPhone 14 Plus / 13 Pro Max - 2 Pack,"Spigen EZ Fit Tempered Glass Screen Protector Guard for iPhone 14 Plus / 13 Pro Max - 2 Pack. A reliable electronics accessory available on Nexora, offering good quality and value for everyday use.",1918
3698.jpg,EGOTUDE Shock Proof Crystal Clear Hard Back Hybrid Soft Bumper Anti Scratch Cover Case for iPhone XR (Transparent),"EGOTUDE Shock Proof Crystal Clear Hard Back Hybrid Soft Bumper Anti Scratch Cover Case for iPhone XR (Transparent). A reliable electronics accessory available on Nexora, offering good quality and value for everyday use.",531
7279.jpg,AmazonBasics 14-inches Laptop Sleeve (Black),"AmazonBasics 14-inches Laptop Sleeve (Black). A reliable electronics accessory available on Nexora, offering good quality and value for everyday use.",702
7808.jpg,OpenTech® Tempered Glass Screen Protector Compatible for Samsung Galaxy M13 5G with Edge to Edge Coverage and Easy Install...,"OpenTech® Tempered Glass Screen Protector Compatible for Samsung Galaxy M13 5G with Edge to Edge Coverage and Easy Install. A reliable electronics accessory available on Nexora, offering good quality and value for everyday use.",478
2498.jpg,Amkette iGrip Telescopic One Touch Car Mount for Dashboard and Windshield | Universal Compatibility | Telescopic Adjustabl...,"Amkette iGrip Telescopic One Touch Car Mount for Dashboard and Windshield | Universal Compatibility | Telescopic Adjustabl. A reliable electronics accessory available on Nexora, offering good quality and value for everyday use.",1598
2858.jpg,TheGiftKart Tough Armor Bumper Back Case Cover for Vivo V27 / V27 PRO 5G | Ring Holder & Kickstand in-Built | 360 Degree P...,"TheGiftKart Tough Armor Bumper Back Case Cover for Vivo V27 / V27 PRO 5G | Ring Holder & Kickstand in-Built | 360 Degree P. A reliable electronics accessory available on Nexora, offering good quality and value for everyday use.",558
3014.jpg,"Transcend TS-RDF8K2 USB 3.1 Gen 1 SDXC/SDHC UHS-I, microSDXC/SDHC UHS-I and CompactFlash Memory Cards Multi Card Reader US...","Transcend TS-RDF8K2 USB 3.1 Gen 1 SDXC/SDHC UHS-I, microSDXC/SDHC UHS-I and CompactFlash Memory Cards Multi Card Reader US. A reliable electronics accessory available on Nexora, offering good quality and value for everyday use.",1971
3784.jpg,Spigen Ultra Hybrid Back Cover Case Compatible For Nothing Phone (1) (TPU + Polycarbonate | Space Crystal),"Spigen Ultra Hybrid Back Cover Case Compatible For Nothing Phone (1) (TPU + Polycarbonate | Space Crystal). A reliable electronics accessory available on Nexora, offering good quality and value for everyday use.",2078
6913.jpg,Spigen Essential Sand Blast TPU Back Cover Compatible for OnePlus Nord CE 5G (Matte Black),"Spigen Essential Sand Blast TPU Back Cover Compatible for OnePlus Nord CE 5G (Matte Black). A reliable electronics accessory available on Nexora, offering good quality and value for everyday use.",638
2375.jpg,"Tizum USB Type C to Lightning Cable with 20W Fast Charging & 480 Mbps Data Transmission Speed for iPhones, iPads & other i...","Tizum USB Type C to Lightning Cable with 20W Fast Charging & 480 Mbps Data Transmission Speed for iPhones, iPads & other i. A reliable electronics accessory available on Nexora, offering good quality and value for everyday use.",526
765.jpg,"realme narzo 50 5G (Hyper Blue, 4GB RAM+128GB Storage) Dimensity 810 5G Processor | 48MP Ultra HD Camera","realme narzo 50 5G (Hyper Blue, 4GB RAM+128GB Storage) Dimensity 810 5G Processor | 48MP Ultra HD Camera. A reliable electronics accessory available on Nexora, offering good quality and value for everyday use.",23198
5356.jpg,Aster 3+3 Universal Multi Plug Socket Extension Board / Power Adapter with Individual Switches and Fuse Protection (White)...,"Aster 3+3 Universal Multi Plug Socket Extension Board / Power Adapter with Individual Switches and Fuse Protection (White). A reliable electronics accessory available on Nexora, offering good quality and value for everyday use.",526
487.jpg,Cuzor 12V Mini ups for WiFi Router | Power Backup up to 4 Hours | Replaceable Battery | Ups for Wi-Fi Router and Modem | U...,"Cuzor 12V Mini ups for WiFi Router | Power Backup up to 4 Hours | Replaceable Battery | Ups for Wi-Fi Router and Modem | U. A reliable electronics accessory available on Nexora, offering good quality and value for everyday use.",2558
3715.jpg,"Spigen Rugged Armor Pro Back Cover Case foriPad 10.2"" Gen 9th / 8th / 7th (2021 | 2020 | 2019) - Black, Thermoplastic Poly...","Spigen Rugged Armor Pro Back Cover Case foriPad 10.2"" Gen 9th / 8th / 7th (2021 | 2020 | 2019) - Black, Thermoplastic Poly. A reliable electronics accessory available on Nexora, offering good quality and value for everyday use.",3038
5876.jpg,Pikkme Mi A3 Back Cover Soft Matte Liquid Silicone TPU | Camera Protection | Shockproof Slim Back Case for Mi A3 (Black),"Pikkme Mi A3 Back Cover Soft Matte Liquid Silicone TPU | Camera Protection | Shockproof Slim Back Case for Mi A3 (Black). A reliable electronics accessory available on Nexora, offering good quality and value for everyday use.",318
6131.jpg,INEFABLE Oneplus Band Strap and Oppo Band Strap Soft Silicone Adjustable Band Strap - Device Not Included - Navy Blue - Pa...,"INEFABLE Oneplus Band Strap and Oppo Band Strap Soft Silicone Adjustable Band Strap - Device Not Included - Navy Blue - Pa. A reliable electronics accessory available on Nexora, offering good quality and value for everyday use.",366
1372.jpg,HP 65W AC Laptops Charger Adapter 4.5mm for HP Pavilion Black (Without Power Cable),"HP 65W AC Laptops Charger Adapter 4.5mm for HP Pavilion Black (Without Power Cable). A reliable electronics accessory available on Nexora, offering good quality and value for everyday use.",1560
4192.jpg,"pTron Bassbuds Pixel with Dedicated Movie/Gaming Mode, 50ms Low Latency, 35Hrs Total Playback Time, Truly Wireless Bluetoo...","pTron Bassbuds Pixel with Dedicated Movie/Gaming Mode, 50ms Low Latency, 35Hrs Total Playback Time, Truly Wireless Bluetoo. A reliable electronics accessory available on Nexora, offering good quality and value for everyday use.",1278
7203.jpg,VW 80 cm (32 inches) HD Ready Android Smart LED TV VW32PRO (Black),"VW 80 cm (32 inches) HD Ready Android Smart LED TV VW32PRO (Black). A reliable electronics accessory available on Nexora, offering good quality and value for everyday use.",14398
4157.jpg,"WOW IMAGINE Polycarbonate, Thermoplastic Polyurethane Shockproof Crystal Clear Redmi A1 Back Cover Case 360 Degree Protect...","WOW IMAGINE Polycarbonate, Thermoplastic Polyurethane Shockproof Crystal Clear Redmi A1 Back Cover Case 360 Degree Protect. A reliable electronics accessory available on Nexora, offering good quality and value for everyday use.",318
2288.jpg,"ZEBRONICS Zeb-Thunder PRO On-Ear Wireless Headphone with BTv5.0, Up to 21 Hours Playback, 40mm Drivers with Deep Bass, Wir...","ZEBRONICS Zeb-Thunder PRO On-Ear Wireless Headphone with BTv5.0, Up to 21 Hours Playback, 40mm Drivers with Deep Bass, Wir. A reliable electronics accessory available on Nexora, offering good quality and value for everyday use.",1198
7364.jpg,"HP 14s, AMD Ryzen 5-5500U 14 inches(35cm) FHD, IPS, Micro-Edge Display Laptop (8GB RAM/512GB SSD /Radeon Graphics/Windows ...","HP 14s, AMD Ryzen 5-5500U 14 inches(35cm) FHD, IPS, Micro-Edge Display Laptop (8GB RAM/512GB SSD /Radeon Graphics/Windows. A reliable electronics accessory available on Nexora, offering good quality and value for everyday use.",76624
1175.jpg,"Redmi Watch 2 Lite - Multi-System Standalone GPS, 3.94 cm Large HD Edge Display, Continuous SpO2, Stress & Sleep Monitorin...","Redmi Watch 2 Lite - Multi-System Standalone GPS, 3.94 cm Large HD Edge Display, Continuous SpO2, Stress & Sleep Monitorin. A reliable electronics accessory available on Nexora, offering good quality and value for everyday use.",3198
7170.jpg,Prolet Classic Bumper Case Cover for Samsung Galaxy Watch 4 44mm TPU Plated Full Screen Protector (Transparent),"Prolet Classic Bumper Case Cover for Samsung Galaxy Watch 4 44mm TPU Plated Full Screen Protector (Transparent). A reliable electronics accessory available on Nexora, offering good quality and value for everyday use.",478
4265.jpg,ONUMTZ Oneplus Upgraded USB Type C to 3.5 mm Jack Audio Connector with Noise Cancelling Headphones Jack Converter Audio Ad...,"ONUMTZ Oneplus Upgraded USB Type C to 3.5 mm Jack Audio Connector with Noise Cancelling Headphones Jack Converter Audio Ad. A reliable electronics accessory available on Nexora, offering good quality and value for everyday use.",302
4786.jpg,"AmazonBasics USB A to Lightning PVC Molded Nylon MFi Certified Charging Cable for Tablet, Personal Computer, Smartphone (B...","AmazonBasics USB A to Lightning PVC Molded Nylon MFi Certified Charging Cable for Tablet, Personal Computer, Smartphone (B. A reliable electronics accessory available on Nexora, offering good quality and value for everyday use.",974
2458.jpg,"Power One P10 Hearing Aid Battery, 60 Pieces (Multi Color)","Power One P10 Hearing Aid Battery, 60 Pieces (Multi Color). A reliable electronics accessory available on Nexora, offering good quality and value for everyday use.",1734
563.jpg,HP 682 Black Original Ink Cartridge,"HP 682 Black Original Ink Cartridge. A reliable electronics accessory available on Nexora, offering good quality and value for everyday use.",1378
8453.jpg,"JBL Tune 710BT by Harman, 50 Hours Playtime with Quick Charging Wireless Over Ear Headphones with Mic, Dual Pairing, AUX &...","JBL Tune 710BT by Harman, 50 Hours Playtime with Quick Charging Wireless Over Ear Headphones with Mic, Dual Pairing, AUX &. A reliable electronics accessory available on Nexora, offering good quality and value for everyday use.",7998
9174.jpg,"KEBILSHOP 3.5mm Male to Female 5 Meter Stereo Aux Extension Cable Compatible with Headphone, MobilePhone, Car Stereo, Home...","KEBILSHOP 3.5mm Male to Female 5 Meter Stereo Aux Extension Cable Compatible with Headphone, MobilePhone, Car Stereo, Home. A reliable electronics accessory available on Nexora, offering good quality and value for everyday use.",411
3909.jpg,Astigo Compatible Remote for Airtel Digital Set Top Box (Pairing Required with TV Remote),"Astigo Compatible Remote for Airtel Digital Set Top Box (Pairing Required with TV Remote). A reliable electronics accessory available on Nexora, offering good quality and value for everyday use.",454
2465.jpg,TP-Link Archer T2UB Nano AC600 USB 2.0 Wi-Fi Bluetooth 4.2 USB Adapter | Dual Band Wireless 600 Mbps| Plug and Play | Supp...,"TP-Link Archer T2UB Nano AC600 USB 2.0 Wi-Fi Bluetooth 4.2 USB Adapter | Dual Band Wireless 600 Mbps| Plug and Play | Supp. A reliable electronics accessory available on Nexora, offering good quality and value for everyday use.",1758
4631.jpg,"Binatone Trend 1 Digital Corded Landline Phone with Dedicated Flash Button, Wall Mounted Supported, alphanumerical keypad,...","Binatone Trend 1 Digital Corded Landline Phone with Dedicated Flash Button, Wall Mounted Supported, alphanumerical keypad,. A reliable electronics accessory available on Nexora, offering good quality and value for everyday use.",1038
1162.jpg,"Portronics Konnect L 1.2Mtr, Fast Charging 3A Micro USB Cable with Charge & Sync Function (Grey)","Portronics Konnect L 1.2Mtr, Fast Charging 3A Micro USB Cable with Charge & Sync Function (Grey). A reliable electronics accessory available on Nexora, offering good quality and value for everyday use.",238
5725.jpg,"UNIGEN 20W Dual Port USB & Type C PD Fast Charger Adapter | USB 18W QC 3.0 Block for iPhone 14/13/12/11Pro/Pro Max/Mini, S...","UNIGEN 20W Dual Port USB & Type C PD Fast Charger Adapter | USB 18W QC 3.0 Block for iPhone 14/13/12/11Pro/Pro Max/Mini, S. A reliable electronics accessory available on Nexora, offering good quality and value for everyday use.",1118
3035.jpg,Quantum QHM8106 USB to RJ45 Ethernet LAN Adapter (White),"Quantum QHM8106 USB to RJ45 Ethernet LAN Adapter (White). A reliable electronics accessory available on Nexora, offering good quality and value for everyday use.",718
7011.jpg,Dynotrek Arrival 13-13.3 Inch Laptop Sleeve Case Coverwith Handle Compatible for MacBook Pro 13 M2/M1 Pro/M1 Max 14.2 202...,"Dynotrek Arrival 13-13.3 Inch Laptop Sleeve Case Coverwith Handle Compatible for MacBook Pro 13 M2/M1 Pro/M1 Max 14.2 202. A reliable electronics accessory available on Nexora, offering good quality and value for everyday use.",718
7305.jpg,"AINE USB C Fast Charging Cable For Lightning To C Type, USB-C Power Delivery Charging Cord for iPhone 14/13/12/12 PRO Max/...","AINE USB C Fast Charging Cable For Lightning To C Type, USB-C Power Delivery Charging Cord for iPhone 14/13/12/12 PRO Max/. A reliable electronics accessory available on Nexora, offering good quality and value for everyday use.",734
23.jpg,"OnePlus 11R 5G (Galactic Silver, 16GB RAM, 256GB Storage)","OnePlus 11R 5G (Galactic Silver, 16GB RAM, 256GB Storage). A reliable electronics accessory available on Nexora, offering good quality and value for everyday use.",71998
4807.jpg,iClever GK08 Wireless USB Keyboard and Mouse Set - Type-C Rechargeable Wireless Keyboard Ergonomic Full Size Design with N...,"iClever GK08 Wireless USB Keyboard and Mouse Set - Type-C Rechargeable Wireless Keyboard Ergonomic Full Size Design with N. A reliable electronics accessory available on Nexora, offering good quality and value for everyday use.",4318
7589.jpg,"ESR Magnetic Case for iPad Air 5th Generation Case (2022), iPad Air 4th Generation (2020), iPad Pro 11 (2018), Magnetic At...","ESR Magnetic Case for iPad Air 5th Generation Case (2022), iPad Air 4th Generation (2020), iPad Pro 11 (2018), Magnetic At. A reliable electronics accessory available on Nexora, offering good quality and value for everyday use.",3190
7702.jpg,Strontium Nitro A1 128GB Micro SDXC Memory Card 100MB/s A1 UHS-I U3 Class 10 with High Speed Adapter for Smartphones Table...,"Strontium Nitro A1 128GB Micro SDXC Memory Card 100MB/s A1 UHS-I U3 Class 10 with High Speed Adapter for Smartphones Table. A reliable electronics accessory available on Nexora, offering good quality and value for everyday use.",2072
1665.jpg,"Wayona Nylon Braided 2M / 6Ft Fast Charge Usb To Lightning Data Sync And Charging Cable For Iphone, Ipad Tablet (6 Ft Pack...","Wayona Nylon Braided 2M / 6Ft Fast Charge Usb To Lightning Data Sync And Charging Cable For Iphone, Ipad Tablet (6 Ft Pack. A reliable electronics accessory available on Nexora, offering good quality and value for everyday use.",670
483.jpg,"pTron Tangent Lite Bluetooth 5.0 Earphones with Mic, Hi-Fi Stereo Sound Neckband, 8Hrs Playtime, Lightweight Snug-fit in-E...","pTron Tangent Lite Bluetooth 5.0 Earphones with Mic, Hi-Fi Stereo Sound Neckband, 8Hrs Playtime, Lightweight Snug-fit in-E. A reliable electronics accessory available on Nexora, offering good quality and value for everyday use.",958
2963.jpg,"HP 15s,11th Gen Intel Core i3-1115G4 8GB RAM/512GB SSD 15.6""(39.6 cm) FHD/Alexa Built-in/Win 11/Intel UHD Graphics/MSO 202...","HP 15s,11th Gen Intel Core i3-1115G4 8GB RAM/512GB SSD 15.6""(39.6 cm) FHD/Alexa Built-in/Win 11/Intel UHD Graphics/MSO 202. A reliable electronics accessory available on Nexora, offering good quality and value for everyday use.",66384
4541.jpg,"Zipline Synthetic Leather Executive SMALL messenger bag for upto 13"" Laptop/Tablet for men women with multiple compartment...","Zipline Synthetic Leather Executive SMALL messenger bag for upto 13"" Laptop/Tablet for men women with multiple compartment. A reliable electronics accessory available on Nexora, offering good quality and value for everyday use.",1501
5944.jpg,"Artis 61 Watts USB Type C Laptop Adapter/Charger Compatible with MB Pro 13” (20.3V,3A) 2016 Onwards. Connector: USB Type-C...","Artis 61 Watts USB Type C Laptop Adapter/Charger Compatible with MB Pro 13” (20.3V,3A) 2016 Onwards. Connector: USB Type-C. A reliable electronics accessory available on Nexora, offering good quality and value for everyday use.",2718
6057.jpg,"HP 300 Dual Mode Black Mouse, Switch Between Two PCs via Bluetooth or 2.4 GHz Wireless, Smart TV Connectivity, 1200 to 360...","HP 300 Dual Mode Black Mouse, Switch Between Two PCs via Bluetooth or 2.4 GHz Wireless, Smart TV Connectivity, 1200 to 360. A reliable electronics accessory available on Nexora, offering good quality and value for everyday use.",1830
6631.jpg,Action Pro Helmet 3M Chin Mount Strap Compatible with All Smartphones GoPro Hero 11 10 9 8 7 6 5 4 SJCAM DJI Osmo and All ...,"Action Pro Helmet 3M Chin Mount Strap Compatible with All Smartphones GoPro Hero 11 10 9 8 7 6 5 4 SJCAM DJI Osmo and All. A reliable electronics accessory available on Nexora, offering good quality and value for everyday use.",398
1783.jpg,"TVARA LCD Writing Tablet 8.5 Inch E-Note Pad LCD Writing Tablet, Kids Drawing Pad 8.5 Inch Doodle Board, Toddler Boy and G...","TVARA LCD Writing Tablet 8.5 Inch E-Note Pad LCD Writing Tablet, Kids Drawing Pad 8.5 Inch Doodle Board, Toddler Boy and G. A reliable electronics accessory available on Nexora, offering good quality and value for everyday use.",446
1383.jpg,"Logitech M90 Wired USB Mouse, 3 yr Warranty, 1000 DPI Optical Tracking, Ambidextrous PC/Mac/Laptop - Black","Logitech M90 Wired USB Mouse, 3 yr Warranty, 1000 DPI Optical Tracking, Ambidextrous PC/Mac/Laptop - Black. A reliable electronics accessory available on Nexora, offering good quality and value for everyday use.",472
7476.jpg,talotech Neckband Earphones Wireless Bluetooth Headphone 100Hrs Playtime Wireless In Ear Headset with Display Hi-Fi Stereo...,"talotech Neckband Earphones Wireless Bluetooth Headphone 100Hrs Playtime Wireless In Ear Headset with Display Hi-Fi Stereo. A reliable electronics accessory available on Nexora, offering good quality and value for everyday use.",1728
9443.jpg,talotech Neckband Earphones Wireless Bluetooth In Ear Headphone 100Hrs Playtime Wireless Headset with Display Hi-Fi Stereo...,"talotech Neckband Earphones Wireless Bluetooth In Ear Headphone 100Hrs Playtime Wireless Headset with Display Hi-Fi Stereo. A reliable electronics accessory available on Nexora, offering good quality and value for everyday use.",1728
7375.jpg,"Mizi [2 Pack] Metal Anti Dust Plug, Protect Charging Port from Dust and Moist with Storage Box and Cable Clip Holder for i...","Mizi [2 Pack] Metal Anti Dust Plug, Protect Charging Port from Dust and Moist with Storage Box and Cable Clip Holder for i. A reliable electronics accessory available on Nexora, offering good quality and value for everyday use.",414
3798.jpg,KAPAVER ® Polycarbonate Back Cover Case for Nothing Phone 1 5G (Transparent and Black),"KAPAVER ® Polycarbonate Back Cover Case for Nothing Phone 1 5G (Transparent and Black). A reliable electronics accessory available on Nexora, offering good quality and value for everyday use.",1118
586.jpg,Ant Esports GM320 RGB Optical Wired Gaming Mouse | 8 Programmable Buttons | 12800 DPI,"Ant Esports GM320 RGB Optical Wired Gaming Mouse | 8 Programmable Buttons | 12800 DPI. A reliable electronics accessory available on Nexora, offering good quality and value for everyday use.",920
592.jpg,"boAt A 350 Type C Cable for Personal Computer, 1.5m (Black)","boAt A 350 Type C Cable for Personal Computer, 1.5m (Black). A reliable electronics accessory available on Nexora, offering good quality and value for everyday use.",478
6187.jpg,Corsair TM30 Performance 3 Grams Thermal Paste (Silver),"Corsair TM30 Performance 3 Grams Thermal Paste (Silver). A reliable electronics accessory available on Nexora, offering good quality and value for everyday use.",798
5466.jpg,"Yantralay School Of Gadgets 3-Way Monopod Grip Tripod Foldable Selfie Stick Compatible with Go Pro Hero 11/10/9/8,DJI OSM...","Yantralay School Of Gadgets 3-Way Monopod Grip Tripod Foldable Selfie Stick Compatible with Go Pro Hero 11/10/9/8,DJI OSM. A reliable electronics accessory available on Nexora, offering good quality and value for everyday use.",798
5286.jpg,"Prolet 20MM Silicone Strap Compatible with Amazfit GTS 2 Mini, Amazfit Bip/Bip U/Pro/Lite, Bip S, Amazfit GTS/ 2/2e, Amazf...","Prolet 20MM Silicone Strap Compatible with Amazfit GTS 2 Mini, Amazfit Bip/Bip U/Pro/Lite, Bip S, Amazfit GTS/ 2/2e, Amazf. A reliable electronics accessory available on Nexora, offering good quality and value for everyday use.",474
7187.jpg,"uhuru Computer Speaker, UGS-02 Gaming Speaker for PC, TV, Desktop and Laptop, USB Mini Soundbar with RGB Light, Volume Con...","uhuru Computer Speaker, UGS-02 Gaming Speaker for PC, TV, Desktop and Laptop, USB Mini Soundbar with RGB Light, Volume Con. A reliable electronics accessory available on Nexora, offering good quality and value for everyday use.",1278
7139.jpg,realme Pad WiFi Tablet | 3GB RAM 32GB ROM (Expandable) | 26.4cm (10.4 inch) WUXGA+ Display | 7100 mAh Battery | Dolby Atmo...,"realme Pad WiFi Tablet | 3GB RAM 32GB ROM (Expandable) | 26.4cm (10.4 inch) WUXGA+ Display | 7100 mAh Battery | Dolby Atmo. A reliable electronics accessory available on Nexora, offering good quality and value for everyday use.",22398
4817.jpg,CZARTECH Tempered Glass Screen Guard for iPhone 13 | iPhone 14 | iPhone 13 Pro with Cleaning Kit (Pack of 1),"CZARTECH Tempered Glass Screen Guard for iPhone 13 | iPhone 14 | iPhone 13 Pro with Cleaning Kit (Pack of 1). A reliable electronics accessory available on Nexora, offering good quality and value for everyday use.",478
1472.jpg,"MI Rechargeable Electric Toothbrush T100 for Adults with Dual Pro Mode & USB Fast Charging (White,Pack of 1)","MI Rechargeable Electric Toothbrush T100 for Adults with Dual Pro Mode & USB Fast Charging (White,Pack of 1). A reliable electronics accessory available on Nexora, offering good quality and value for everyday use.",1278
952.jpg,"GoTrippin Universal Travel Adapter with Dual USB Charger Ports, International Worldwide Charger Plug for Phone, Mobile,Lap...","GoTrippin Universal Travel Adapter with Dual USB Charger Ports, International Worldwide Charger Plug for Phone, Mobile,Lap. A reliable electronics accessory available on Nexora, offering good quality and value for everyday use.",1118
7169.jpg,Spigen Ultra Hybrid Back Cover Case for iPhone 12 Mini (TPU + Poly Carbonate | Matte Black),"Spigen Ultra Hybrid Back Cover Case for iPhone 12 Mini (TPU + Poly Carbonate | Matte Black). A reliable electronics accessory available on Nexora, offering good quality and value for everyday use.",1438
8300.jpg,Hohem iSteady X - 3-Axis 259g Lightweight Smartphone Gimbal Foldable Handheld Pocket Stabilizer Youtuber Vlogger Live Vide...,"Hohem iSteady X - 3-Axis 259g Lightweight Smartphone Gimbal Foldable Handheld Pocket Stabilizer Youtuber Vlogger Live Vide. A reliable electronics accessory available on Nexora, offering good quality and value for everyday use.",8638
5121.jpg,Pikkme Oneplus Nord Ce 2 Lite 5G Back Cover for Girls | Cute Cat Leather Finish | Soft TPU | Case for Oneplus Nord Ce 2 Li...,"Pikkme Oneplus Nord Ce 2 Lite 5G Back Cover for Girls | Cute Cat Leather Finish | Soft TPU | Case for Oneplus Nord Ce 2 Li. A reliable electronics accessory available on Nexora, offering good quality and value for everyday use.",478
3826.jpg,Lapster Power Charger for Mi Band 3 USB Adapter Charging Cable Dock Charger Compatible for Xiaomi Mi Band 4/3 /3i Smart Br...,"Lapster Power Charger for Mi Band 3 USB Adapter Charging Cable Dock Charger Compatible for Xiaomi Mi Band 4/3 /3i Smart Br. A reliable electronics accessory available on Nexora, offering good quality and value for everyday use.",178
8583.jpg,Spigen Rugged Armor Back Cover Compatible for Google Pixel 6a (TPU | Matte Black),"Spigen Rugged Armor Back Cover Compatible for Google Pixel 6a (TPU | Matte Black). A reliable electronics accessory available on Nexora, offering good quality and value for everyday use.",1758
5632.jpg,"truke Yoga Mystic lite Wireless in Ear Earphone with mic, with 50H of Playtime, ENC, Real Silicon Design, USB-C Fast Charg...","truke Yoga Mystic lite Wireless in Ear Earphone with mic, with 50H of Playtime, ENC, Real Silicon Design, USB-C Fast Charg. A reliable electronics accessory available on Nexora, offering good quality and value for everyday use.",1278
7498.jpg,"(Renewed) OnePlus 6T (Mirror Black, 6GB RAM, 128GB Storage)","(Renewed) OnePlus 6T (Mirror Black, 6GB RAM, 128GB Storage). A reliable electronics accessory available on Nexora, offering good quality and value for everyday use.",23038
3949.jpg,"POCO X4 Pro 5G (Laser Blue, 6GB RAM 128GB Storage)","POCO X4 Pro 5G (Laser Blue, 6GB RAM 128GB Storage). A reliable electronics accessory available on Nexora, offering good quality and value for everyday use.",2000
7261.jpg,ZEBRONICS Zeb-Tulip Wired in Ear Earphone with Mic (White),"ZEBRONICS Zeb-Tulip Wired in Ear Earphone with Mic (White). A reliable electronics accessory available on Nexora, offering good quality and value for everyday use.",238
6680.jpg,"Panasonic Corded Telephone, White","Panasonic Corded Telephone, White. A reliable electronics accessory available on Nexora, offering good quality and value for everyday use.",2398
6558.jpg,"LG Ultragear Gaming 24 Inch (60.3 Cm) Full HD (1920 x 1080) Pixels LCD Monitor 165Hz, 1ms, Freesync Premium, HDMI x 2, Dis...","LG Ultragear Gaming 24 Inch (60.3 Cm) Full HD (1920 x 1080) Pixels LCD Monitor 165Hz, 1ms, Freesync Premium, HDMI x 2, Dis. A reliable electronics accessory available on Nexora, offering good quality and value for everyday use.",16798
9103.jpg,Zapcase Back Cover Case Compatible for Mi A2 Cases & Covers (Carbon Fibre Rugged Armour Black Colour),"Zapcase Back Cover Case Compatible for Mi A2 Cases & Covers (Carbon Fibre Rugged Armour Black Colour). A reliable electronics accessory available on Nexora, offering good quality and value for everyday use.",238
6823.jpg,"Famous Quality® SD Card Reader USB Type C, USB 3.0 and Micro USB OTG Memory Card Adapter Portable 1 Slots for TF, SD, Micr...","Famous Quality® SD Card Reader USB Type C, USB 3.0 and Micro USB OTG Memory Card Adapter Portable 1 Slots for TF, SD, Micr. A reliable electronics accessory available on Nexora, offering good quality and value for everyday use.",797
8015.jpg,"HAMMONDS FLYCATCHER Genuine Leather Laptop Bag for Men/Office Bag for Men, Brown | Fits Upto 16 Inch Laptop/MacBook | Leat...","HAMMONDS FLYCATCHER Genuine Leather Laptop Bag for Men/Office Bag for Men, Brown | Fits Upto 16 Inch Laptop/MacBook | Leat. A reliable electronics accessory available on Nexora, offering good quality and value for everyday use.",4984
265.jpg,"Ambrane Mobile Holding Tabletop Stand, 180 Perfect View, Height Adjustment, Wide Compatibility, Multipurpose, Anti-Skid De...","Ambrane Mobile Holding Tabletop Stand, 180 Perfect View, Height Adjustment, Wide Compatibility, Multipurpose, Anti-Skid De. A reliable electronics accessory available on Nexora, offering good quality and value for everyday use.",398
4067.jpg,INEFABLE Mi Band 5 and 6 Straps Original for Mi Band M5 and M6 Wristband Strap Soft Silicone Adjustable Band Strap - Blac...,"INEFABLE Mi Band 5 and 6 Straps Original for Mi Band M5 and M6 Wristband Strap Soft Silicone Adjustable Band Strap - Blac. A reliable electronics accessory available on Nexora, offering good quality and value for everyday use.",477
8448.jpg,MAONO Au-Wdm01 Professional Handheld Dynamic Unidirectional/Cardioid Vocal Wired Microphone with XLR Cable (Black),"MAONO Au-Wdm01 Professional Handheld Dynamic Unidirectional/Cardioid Vocal Wired Microphone with XLR Cable (Black). A reliable electronics accessory available on Nexora, offering good quality and value for everyday use.",1554
7362.jpg,"BigPassport 1080P/30fps 5P lens Full HD Webcam with Tripod & Inbuilt Microphone, Advanced Human Face Detection, Laptop Des...","BigPassport 1080P/30fps 5P lens Full HD Webcam with Tripod & Inbuilt Microphone, Advanced Human Face Detection, Laptop Des. A reliable electronics accessory available on Nexora, offering good quality and value for everyday use.",2528
6400.jpg,"ProElite Slim Smart Flip case Cover for Amazon Kindle Paperwhite 11th Generation 6.8 inch 2021, Black (Fits Signature Edit...","ProElite Slim Smart Flip case Cover for Amazon Kindle Paperwhite 11th Generation 6.8 inch 2021, Black (Fits Signature Edit. A reliable electronics accessory available on Nexora, offering good quality and value for everyday use.",718
9237.jpg,"Noise Flair in-Ear Wireless Bluetooth Smart Neckband Earphone with Touch Controls, 35 Hour Playtime, Environmental Cancell...","Noise Flair in-Ear Wireless Bluetooth Smart Neckband Earphone with Touch Controls, 35 Hour Playtime, Environmental Cancell. A reliable electronics accessory available on Nexora, offering good quality and value for everyday use.",2878
7749.jpg,CASEOLOGY by Spigen Skyfall Back Cover Case Compatible with iPhone 14 Pro Max (TPU and Polycarbonate | Purple),"CASEOLOGY by Spigen Skyfall Back Cover Case Compatible with iPhone 14 Pro Max (TPU and Polycarbonate | Purple). A reliable electronics accessory available on Nexora, offering good quality and value for everyday use.",2558
1688.jpg,"Tukzer Tabletop Fully Foldable Desktop Tablet Mobile Stand Holder with Angle & Height Adjustable for Desk, Cradle, Dock, C...","Tukzer Tabletop Fully Foldable Desktop Tablet Mobile Stand Holder with Angle & Height Adjustable for Desk, Cradle, Dock, C. A reliable electronics accessory available on Nexora, offering good quality and value for everyday use.",446
1087.jpg,Xtore® Universal Mobile Phone Holder & Tablet Holder with 360° Rotation,"Xtore® Universal Mobile Phone Holder & Tablet Holder with 360° Rotation. A reliable electronics accessory available on Nexora, offering good quality and value for everyday use.",958
286.jpg,Logitech H111 Wired On Ear Headphones With Mic Black,"Logitech H111 Wired On Ear Headphones With Mic Black. A reliable electronics accessory available on Nexora, offering good quality and value for everyday use.",1192
7405.jpg,Seagate BarraCuda 1 TB Internal Hard Drive HDD 3.5 Inches (8.8 cm) SATA 6 Gb/s 7200 RPM 64 MB Cache for Computer Desktop P...,"Seagate BarraCuda 1 TB Internal Hard Drive HDD 3.5 Inches (8.8 cm) SATA 6 Gb/s 7200 RPM 64 MB Cache for Computer Desktop P. A reliable electronics accessory available on Nexora, offering good quality and value for everyday use.",5758
1339.jpg,"Beetel B17 Corded Landline Phone, Ringer Volume Control, LED for Ring Indication, Wall/Desk Mountable, Elegant Design,Clea...","Beetel B17 Corded Landline Phone, Ringer Volume Control, LED for Ring Indication, Wall/Desk Mountable, Elegant Design,Clea. A reliable electronics accessory available on Nexora, offering good quality and value for everyday use.",878
8331.jpg,"NEWorld Premium Microfiber Cleaning/Polishing Cloth for Mobile Screen, Camera Lenses, Tablets, Monitors, Sunglasses and Ot...","NEWorld Premium Microfiber Cleaning/Polishing Cloth for Mobile Screen, Camera Lenses, Tablets, Monitors, Sunglasses and Ot. A reliable electronics accessory available on Nexora, offering good quality and value for everyday use.",206
647.jpg,AmazonBasics AA Performance Alkaline Non-Rechargeable Batteries (8-Pack) - Appearance May Vary,"AmazonBasics AA Performance Alkaline Non-Rechargeable Batteries (8-Pack) - Appearance May Vary. A reliable electronics accessory available on Nexora, offering good quality and value for everyday use.",350
169.jpg,Canon PG-47 Ink Cartridge (Black),"Canon PG-47 Ink Cartridge (Black). A reliable electronics accessory available on Nexora, offering good quality and value for everyday use.",1067
267.jpg,"Samsung Galaxy M13 (Midnight Blue, 4GB, 64GB Storage) | 6000mAh Battery | Upto 8GB RAM with RAM Plus","Samsung Galaxy M13 (Midnight Blue, 4GB, 64GB Storage) | 6000mAh Battery | Upto 8GB RAM with RAM Plus. A reliable electronics accessory available on Nexora, offering good quality and value for everyday use.",17598
2913.jpg,Elzzi ® Liquid Silicone Cover Compatible for iPhone 14 Pro Max Case (6.7 inches) 3 Layer Microfiber Lining Covers Phone Ca...,"Elzzi ® Liquid Silicone Cover Compatible for iPhone 14 Pro Max Case (6.7 inches) 3 Layer Microfiber Lining Covers Phone Ca. A reliable electronics accessory available on Nexora, offering good quality and value for everyday use.",718
9243.jpg,"COOLCOLD Single Handed USB Gaming Keyboard, Wired 35 Keys Rainbow LED Backlight, One Hand Portable Mini Gaming Keypad, Erg...","COOLCOLD Single Handed USB Gaming Keyboard, Wired 35 Keys Rainbow LED Backlight, One Hand Portable Mini Gaming Keypad, Erg. A reliable electronics accessory available on Nexora, offering good quality and value for everyday use.",1198
8012.jpg,CASENED Camera Lens Protector For iPhone 14 Pro/ 14 Pro Max 9H Premium Tempered Glass Aviation Aluminum Camera Protection...,"CASENED Camera Lens Protector For iPhone 14 Pro/ 14 Pro Max 9H Premium Tempered Glass Aviation Aluminum Camera Protection. A reliable electronics accessory available on Nexora, offering good quality and value for everyday use.",638
315.jpg,Syska 4 Way Power Plug Adapter (White) (1),"Syska 4 Way Power Plug Adapter (White) (1). A reliable electronics accessory available on Nexora, offering good quality and value for everyday use.",331
6091.jpg,Amozo Ultra Hybrid Defence Back Case Cover for iPhone 13 (Polycarbonate|Matte Black),"Amozo Ultra Hybrid Defence Back Case Cover for iPhone 13 (Polycarbonate|Matte Black). A reliable electronics accessory available on Nexora, offering good quality and value for everyday use.",758
7632.jpg,"HP Deskjet Ink Advantage 2338 All-in-One Printer, Scanner and Copier for Home for Home for Dependable Printing and scannin...","HP Deskjet Ink Advantage 2338 All-in-One Printer, Scanner and Copier for Home for Home for Dependable Printing and scannin. A reliable electronics accessory available on Nexora, offering good quality and value for everyday use.",6594
4509.jpg,AEIDESS Tempered Glass Screen Guard Compatible for OnePlus 7 Pro / 7T Pro with Edge to Edge Full Screen Coverage With Inst...,"AEIDESS Tempered Glass Screen Guard Compatible for OnePlus 7 Pro / 7T Pro with Edge to Edge Full Screen Coverage With Inst. A reliable electronics accessory available on Nexora, offering good quality and value for everyday use.",402
245.jpg,Duracell Chhota Power AA Battery Set of 10 Pcs,"Duracell Chhota Power AA Battery Set of 10 Pcs. A reliable electronics accessory available on Nexora, offering good quality and value for everyday use.",301
8688.jpg,"OLICOM New Launch Smart Watches ID116 Bluetooth Smartwatch Wireless Fitness Band for Boys, Girls, Men, Women & Kids | Spor...","OLICOM New Launch Smart Watches ID116 Bluetooth Smartwatch Wireless Fitness Band for Boys, Girls, Men, Women & Kids | Spor. A reliable electronics accessory available on Nexora, offering good quality and value for everyday use.",798
1617.jpg,"boAt Matrix Smart Watch with 1.65” AMOLED Display, Always On Mode, Slim Premium Design, Heart Rate & SpO2 Monitoring, Heal...","boAt Matrix Smart Watch with 1.65” AMOLED Display, Always On Mode, Slim Premium Design, Heart Rate & SpO2 Monitoring, Heal. A reliable electronics accessory available on Nexora, offering good quality and value for everyday use.",2398
8419.jpg,"TheGiftKart Shockproof Crystal Clear Back Cover Case for OnePlus Nord CE 2 5G (Polycarbonate, TPU | Transparent Back | Bla...","TheGiftKart Shockproof Crystal Clear Back Cover Case for OnePlus Nord CE 2 5G (Polycarbonate, TPU | Transparent Back | Bla. A reliable electronics accessory available on Nexora, offering good quality and value for everyday use.",446
8682.jpg,Spigen Ultra Hybrid 2 Cover Case for Apple Watch 8 / 7 (41mm) [Version 2] - Crystal Clear (Watch not Included),"Spigen Ultra Hybrid 2 Cover Case for Apple Watch 8 / 7 (41mm) [Version 2] - Crystal Clear (Watch not Included). A reliable electronics accessory available on Nexora, offering good quality and value for everyday use.",1598
9310.jpg,CableCreation USB C to 3.5mm Headphone Audio Adapter 2-in-1 USB C Type-C to Hi-Res 3.5mm Audio with PD Fast Charging Adapt...,"CableCreation USB C to 3.5mm Headphone Audio Adapter 2-in-1 USB C Type-C to Hi-Res 3.5mm Audio with PD Fast Charging Adapt. A reliable electronics accessory available on Nexora, offering good quality and value for everyday use.",2718
2826.jpg,"ZEBRONICS Zeb-Vita Plus Mini 16 w Soundbar Supporting LED Display, USB, SD Card, AUX, FM, TWS & Call Function. (Grey)","ZEBRONICS Zeb-Vita Plus Mini 16 w Soundbar Supporting LED Display, USB, SD Card, AUX, FM, TWS & Call Function. (Grey). A reliable electronics accessory available on Nexora, offering good quality and value for everyday use.",2078
3098.jpg,"Amazon Basics LED Ring Light (14-inch) with Tripod Stand & Mini Tripod, and Dual Temperature Modes","Amazon Basics LED Ring Light (14-inch) with Tripod Stand & Mini Tripod, and Dual Temperature Modes. A reliable electronics accessory available on Nexora, offering good quality and value for everyday use.",2622
4913.jpg,"Samsung Original Travel Adapter (15W, Black)","Samsung Original Travel Adapter (15W, Black). A reliable electronics accessory available on Nexora, offering good quality and value for everyday use.",1598
360.jpg,"OnePlus 10R 5G (Sierra Black, 8GB RAM, 128GB Storage, 80W SuperVOOC)","OnePlus 10R 5G (Sierra Black, 8GB RAM, 128GB Storage, 80W SuperVOOC). A reliable electronics accessory available on Nexora, offering good quality and value for everyday use.",51198
8687.jpg,ZOUK Women Laptop Bag Royal Indian Peacock Motif,"ZOUK Women Laptop Bag Royal Indian Peacock Motif. A reliable electronics accessory available on Nexora, offering good quality and value for everyday use.",2718
3680.jpg,"Irusu Play VR Plus VR Headset with Headphones,40MM HD Lens for Mobiles (with Remote)","Irusu Play VR Plus VR Headset with Headphones,40MM HD Lens for Mobiles (with Remote). A reliable electronics accessory available on Nexora, offering good quality and value for everyday use.",4123
3467.jpg,Spigen EZ Fit Privacy Tempered Glass Screen Protector for iPhone 14 Pro Max - 2 Pack,"Spigen EZ Fit Privacy Tempered Glass Screen Protector for iPhone 14 Pro Max - 2 Pack. A reliable electronics accessory available on Nexora, offering good quality and value for everyday use.",2558
7607.jpg,OnePlus 11R 5G Aramid Fiber Case Black in,"OnePlus 11R 5G Aramid Fiber Case Black in. A reliable electronics accessory available on Nexora, offering good quality and value for everyday use.",2078
7677.jpg,"ProElite Smart Flip Case Cover for Apple iPad Air 5th/4th 10.9 inch , Translucent Back, Purple","ProElite Smart Flip Case Cover for Apple iPad Air 5th/4th 10.9 inch , Translucent Back, Purple. A reliable electronics accessory available on Nexora, offering good quality and value for everyday use.",1118
7899.jpg,Tough Lee Back Cover Case for Oneplus 9R 5G (Silicon|Transparent) (Will Not Fit Oneplus 9RT),"Tough Lee Back Cover Case for Oneplus 9R 5G (Silicon|Transparent) (Will Not Fit Oneplus 9RT). A reliable electronics accessory available on Nexora, offering good quality and value for everyday use.",382
4127.jpg,VW 60 cm (24 inches) HD Ready Smart LED TV VW24S (Black) (2021 Model),"VW 60 cm (24 inches) HD Ready Smart LED TV VW24S (Black) (2021 Model). A reliable electronics accessory available on Nexora, offering good quality and value for everyday use.",10878
7497.jpg,"Mobilife Long Selfie Stick Tripod,110cm Selfie Stick with Upgrated Tripod Stand Custom Bluetooth Remote Aluminum Selfie Tr...","Mobilife Long Selfie Stick Tripod,110cm Selfie Stick with Upgrated Tripod Stand Custom Bluetooth Remote Aluminum Selfie Tr. A reliable electronics accessory available on Nexora, offering good quality and value for everyday use.",2078
9231.jpg,"ESR Camera Lens Protector Compatible with Samsung Galaxy S22 Ultra, Scratch-Resistant Ultra-Thin Tempered Glass with Alumi...","ESR Camera Lens Protector Compatible with Samsung Galaxy S22 Ultra, Scratch-Resistant Ultra-Thin Tempered Glass with Alumi. A reliable electronics accessory available on Nexora, offering good quality and value for everyday use.",1822
3846.jpg,"boAt LTG 550v3 Lightning Apple MFi Certified Cable with Spaceship Grade Aluminium Housing,Stress Resistance, Rapid 2.4A Ch...","boAt LTG 550v3 Lightning Apple MFi Certified Cable with Spaceship Grade Aluminium Housing,Stress Resistance, Rapid 2.4A Ch. A reliable electronics accessory available on Nexora, offering good quality and value for everyday use.",1358
3912.jpg,Lolin NodeMCU ESP8266 CP2102 NodeMCU WIFI Serial Wireless Module,"Lolin NodeMCU ESP8266 CP2102 NodeMCU WIFI Serial Wireless Module. A reliable electronics accessory available on Nexora, offering good quality and value for everyday use.",651
7787.jpg,Tata Sky Digital TV HD Setup Box Remote,"Tata Sky Digital TV HD Setup Box Remote. A reliable electronics accessory available on Nexora, offering good quality and value for everyday use.",432
1310.jpg,"Smart watch New Launch Smart Watches ID116 Bluetooth Smartwatch Wireless Fitness Band for Boys, Girls, Men, Women & Kids |...","Smart watch New Launch Smart Watches ID116 Bluetooth Smartwatch Wireless Fitness Band for Boys, Girls, Men, Women & Kids |. A reliable electronics accessory available on Nexora, offering good quality and value for everyday use.",798
4055.jpg,"ARCTIC MX-4 (incl. Spatula, 4 g) - Premium Performance Thermal Paste for All Processors (CPU, GPU - PC, PS4, Xbox), Very h...","ARCTIC MX-4 (incl. Spatula, 4 g) - Premium Performance Thermal Paste for All Processors (CPU, GPU - PC, PS4, Xbox), Very h. A reliable electronics accessory available on Nexora, offering good quality and value for everyday use.",846
2718.jpg,CEDO Redmi Note 10 / Note 10S Back Cover | Matte Soft Silicon Flexible | Camera Bump Protection | All Side Shock Proof Rub...,"CEDO Redmi Note 10 / Note 10S Back Cover | Matte Soft Silicon Flexible | Camera Bump Protection | All Side Shock Proof Rub. A reliable electronics accessory available on Nexora, offering good quality and value for everyday use.",238
6029.jpg,"Sounce Earphone Case Cover Compatible with Boat Airdopes 131, Soft Silicone Skin Case Cover Shock-Absorbing Protective Cas...","Sounce Earphone Case Cover Compatible with Boat Airdopes 131, Soft Silicone Skin Case Cover Shock-Absorbing Protective Cas. A reliable electronics accessory available on Nexora, offering good quality and value for everyday use.",318
6906.jpg,"Portronics Car Power 12 Car Charger with 17W Total Output, Triple USB Port, 3.4A Compatible with Most Cars(Black)","Portronics Car Power 12 Car Charger with 17W Total Output, Triple USB Port, 3.4A Compatible with Most Cars(Black). A reliable electronics accessory available on Nexora, offering good quality and value for everyday use.",482
3980.jpg,ZOUK Multicolored Printed Handmade Vegan Leather Women's Office Bag for 15.6 inch Laptop with Double Handles - WavBeach,"ZOUK Multicolored Printed Handmade Vegan Leather Women's Office Bag for 15.6 inch Laptop with Double Handles - WavBeach. A reliable electronics accessory available on Nexora, offering good quality and value for everyday use.",2718
1217.jpg,"Amazon Basics High-Speed HDMI Cable, 6 Feet - Supports Ethernet, 3D, 4K video,Black","Amazon Basics High-Speed HDMI Cable, 6 Feet - Supports Ethernet, 3D, 4K video,Black. A reliable electronics accessory available on Nexora, offering good quality and value for everyday use.",430
6364.jpg,"Sounce Car Mobile Holder with One Click Technology, 360° Rotational, Strong Suction Cup, Compatible with 4 to 7 Inch Devic...","Sounce Car Mobile Holder with One Click Technology, 360° Rotational, Strong Suction Cup, Compatible with 4 to 7 Inch Devic. A reliable electronics accessory available on Nexora, offering good quality and value for everyday use.",478
9417.jpg,"Adjustable Aluminium Alloy Tripod Stand Holder for Mobile Phones & Camera, 360 mm -1050 mm, 1/4 inch Screw + Mobile Holder...","Adjustable Aluminium Alloy Tripod Stand Holder for Mobile Phones & Camera, 360 mm -1050 mm, 1/4 inch Screw + Mobile Holder. A reliable electronics accessory available on Nexora, offering good quality and value for everyday use.",622
447.jpg,"MI Type B/Micro USB 120cm fast Charging cable|480mbps support|Suitable for all Smartphones,tablet and accessories with typ...","MI Type B/Micro USB 120cm fast Charging cable|480mbps support|Suitable for all Smartphones,tablet and accessories with typ. A reliable electronics accessory available on Nexora, offering good quality and value for everyday use.",366
2129.jpg,"Gaiatop USB Desk Fan, Small But Powerful, Portable Quiet 3 Speeds Wind Personal Table Fan, Dual 360° Adjustment Mini Fan f...","Gaiatop USB Desk Fan, Small But Powerful, Portable Quiet 3 Speeds Wind Personal Table Fan, Dual 360° Adjustment Mini Fan f. A reliable electronics accessory available on Nexora, offering good quality and value for everyday use.",894
5660.jpg,"Nokia 105 Plus Dual SIM, Keypad Mobile Phone with Wireless FM Radio, Memory Card Slot and MP3 Player | Charcoal","Nokia 105 Plus Dual SIM, Keypad Mobile Phone with Wireless FM Radio, Memory Card Slot and MP3 Player | Charcoal. A reliable electronics accessory available on Nexora, offering good quality and value for everyday use.",2414
1199.jpg,"HP 150 Wired Keyboard and Mouse Combo with Instant USB Plug-and-Play Setup, 12 Shortcut Keys, 6° Adjustable Slope Keyboard...","HP 150 Wired Keyboard and Mouse Combo with Instant USB Plug-and-Play Setup, 12 Shortcut Keys, 6° Adjustable Slope Keyboard. A reliable electronics accessory available on Nexora, offering good quality and value for everyday use.",1454
1718.jpg,Canon GI790 Y Ink Cartridge (Yellow),"Canon GI790 Y Ink Cartridge (Yellow). A reliable electronics accessory available on Nexora, offering good quality and value for everyday use.",752
3314.jpg,"realme narzo 50 (Speed Black, 6GB RAM+128GB Storage) Helio G96 Processor | 50MP AI Triple Camera | 120Hz Ultra Smooth Display","realme narzo 50 (Speed Black, 6GB RAM+128GB Storage) Helio G96 Processor | 50MP AI Triple Camera | 120Hz Ultra Smooth Display. A reliable electronics accessory available on Nexora, offering good quality and value for everyday use.",21598
9494.jpg,R for Rabbit Snicker The Playful Automatic Baby Swing with Hanging Toys and Remote Control for Newborn Baby (Grey Blue),"R for Rabbit Snicker The Playful Automatic Baby Swing with Hanging Toys and Remote Control for Newborn Baby (Grey Blue). A reliable electronics accessory available on Nexora, offering good quality and value for everyday use.",10718
6071.jpg,TheGiftKart Shockproof Crystal Clear Back Cover Case for iQOO 11 5G | 360 Degree Protection | Protective Design | Transpar...,"TheGiftKart Shockproof Crystal Clear Back Cover Case for iQOO 11 5G | 360 Degree Protection | Protective Design | Transpar. A reliable electronics accessory available on Nexora, offering good quality and value for everyday use.",318
8336.jpg,"Noise ColorFit Pro 4 Advanced Bluetooth Calling Smart Watch with 1.72"" TruView Display, Fully-Functional Digital Crown, 31...","Noise ColorFit Pro 4 Advanced Bluetooth Calling Smart Watch with 1.72"" TruView Display, Fully-Functional Digital Crown, 31. A reliable electronics accessory available on Nexora, offering good quality and value for everyday use.",4798
2252.jpg,"MKY Tripod 3110 Stand with 3-Way Head Tripod 3110 with Mobile Phone Holder Mount Tripod Kit, (Silver, Supports Up to 1100 g)","MKY Tripod 3110 Stand with 3-Way Head Tripod 3110 with Mobile Phone Holder Mount Tripod Kit, (Silver, Supports Up to 1100 g). A reliable electronics accessory available on Nexora, offering good quality and value for everyday use.",542
582.jpg,"iQOO Z6 44W by vivo (Lumina Blue, 6GB RAM, 128GB Storage) | 6.44"" FHD+ AMOLED Display | 50% Charge in just 27 mins | in-Di...","iQOO Z6 44W by vivo (Lumina Blue, 6GB RAM, 128GB Storage) | 6.44"" FHD+ AMOLED Display | 50% Charge in just 27 mins | in-Di. A reliable electronics accessory available on Nexora, offering good quality and value for everyday use.",25598
5396.jpg,"Pebble Newly Launched Cosmos Prime Bluetooth Calling Smart Watch, Largest 1.91"" Bezel-Less Edge-to-Edge Display, 600 Nits ...","Pebble Newly Launched Cosmos Prime Bluetooth Calling Smart Watch, Largest 1.91"" Bezel-Less Edge-to-Edge Display, 600 Nits. A reliable electronics accessory available on Nexora, offering good quality and value for everyday use.",6078
47.jpg,"OnePlus Bullets Z2 Bluetooth Wireless in Ear Earphones with Mic, Bombastic Bass - 12.4 Mm Drivers, 10 Mins Charge - 20 Hrs...","OnePlus Bullets Z2 Bluetooth Wireless in Ear Earphones with Mic, Bombastic Bass - 12.4 Mm Drivers, 10 Mins Charge - 20 Hrs. A reliable electronics accessory available on Nexora, offering good quality and value for everyday use.",3198
2515.jpg,Everycom EC-58 58mm (2 Inches) Direct Thermal Printer- Monochrome Desktop (1 Year Warranty) (USB),"Everycom EC-58 58mm (2 Inches) Direct Thermal Printer- Monochrome Desktop (1 Year Warranty) (USB). A reliable electronics accessory available on Nexora, offering good quality and value for everyday use.",3357
856.jpg,"STRIFF Foldable Portable Laptop/Tablet Tabletop Stand with 6 Level Height & Angle Adjustment & Air Ventilation, Anti-Slip ...","STRIFF Foldable Portable Laptop/Tablet Tabletop Stand with 6 Level Height & Angle Adjustment & Air Ventilation, Anti-Slip. A reliable electronics accessory available on Nexora, offering good quality and value for everyday use.",798
2002.jpg,"MX Universal Conversion Multiplug with Individual Switch - 3 PIN 3 Way Plug for Home, Office and Industrial Uses ( Any Col...","MX Universal Conversion Multiplug with Individual Switch - 3 PIN 3 Way Plug for Home, Office and Industrial Uses ( Any Col. A reliable electronics accessory available on Nexora, offering good quality and value for everyday use.",590
1745.jpg,"boAt Blaze Smart Watch with 1.75"" HD Display, Fast Charge, Apollo 3 Blue Plus Processor, 24x7 Heart Rate & SpO2 Monitor, M...","boAt Blaze Smart Watch with 1.75"" HD Display, Fast Charge, Apollo 3 Blue Plus Processor, 24x7 Heart Rate & SpO2 Monitor, M. A reliable electronics accessory available on Nexora, offering good quality and value for everyday use.",2398
5628.jpg,"AmazonBasics laptopss Sleeve Case Cover 14.1-inches laptopsss for Men and Women | Slim Profile Neoprene, Soft Puffy Fabric...","AmazonBasics laptopss Sleeve Case Cover 14.1-inches laptopsss for Men and Women | Slim Profile Neoprene, Soft Puffy Fabric. A reliable electronics accessory available on Nexora, offering good quality and value for everyday use.",702
5904.jpg,Casio HL-815L Portable Calculator,"Casio HL-815L Portable Calculator. A reliable electronics accessory available on Nexora, offering good quality and value for everyday use.",256
4720.jpg,VMT Stock OnePlus11R 5G Back Cover PC Back Case with Bumper Drop Protection Case Cover for OnePlus 11R 5G,"VMT Stock OnePlus11R 5G Back Cover PC Back Case with Bumper Drop Protection Case Cover for OnePlus 11R 5G. A reliable electronics accessory available on Nexora, offering good quality and value for everyday use.",478
3653.jpg,"Portronics Ruffpad 12E Re-Writable LCD Writing Pad with 30.4cm (12 inch) Writing Area, Single Tap Erase, Smart Lock, Long ...","Portronics Ruffpad 12E Re-Writable LCD Writing Pad with 30.4cm (12 inch) Writing Area, Single Tap Erase, Smart Lock, Long. A reliable electronics accessory available on Nexora, offering good quality and value for everyday use.",2000
5857.jpg,Spigen Full Coverage Tempered Glass Screen Guard Protector for Galaxy S20 FE 4G / 5G - 1 Pack,"Spigen Full Coverage Tempered Glass Screen Guard Protector for Galaxy S20 FE 4G / 5G - 1 Pack. A reliable electronics accessory available on Nexora, offering good quality and value for everyday use.",1918
3910.jpg,Sounce 38W Car Charger Type-C 20W PD & 18W 3.0 Qualcomm Certified Dual USB Car Charger Compatible with All Smartphones & T...,"Sounce 38W Car Charger Type-C 20W PD & 18W 3.0 Qualcomm Certified Dual USB Car Charger Compatible with All Smartphones & T. A reliable electronics accessory available on Nexora, offering good quality and value for everyday use.",478
3473.jpg,AmazonBasics Braided USB Type-C to Type-C 60W Fast Charging Data cable with Transparent Shell and LED indicator (Black/Whi...,"AmazonBasics Braided USB Type-C to Type-C 60W Fast Charging Data cable with Transparent Shell and LED indicator (Black/Whi. A reliable electronics accessory available on Nexora, offering good quality and value for everyday use.",638
1277.jpg,"SupCares Edge to Edge Privacy Tempered Glass for iPhone 14, iPhone 13 and iPhone 13 Pro (6.1 Inch) with Easy Self Installa...","SupCares Edge to Edge Privacy Tempered Glass for iPhone 14, iPhone 13 and iPhone 13 Pro (6.1 Inch) with Easy Self Installa. A reliable electronics accessory available on Nexora, offering good quality and value for everyday use.",638
4074.jpg,"pTron Bassbuds Revv Wireless in Ear Earbuds with Mic, ENC for Best Calling, 50ms Low Latency, 13mm Driver, Punchy Bass, BT...","pTron Bassbuds Revv Wireless in Ear Earbuds with Mic, ENC for Best Calling, 50ms Low Latency, 13mm Driver, Punchy Bass, BT. A reliable electronics accessory available on Nexora, offering good quality and value for everyday use.",1438
6237.jpg,"HP Ink Tank 316 All-in-one Colour Printer with Upto 7500 Black and 8000 Colour Pages Included in The Box - Print, Scan & C...","HP Ink Tank 316 All-in-one Colour Printer with Upto 7500 Black and 8000 Colour Pages Included in The Box - Print, Scan & C. A reliable electronics accessory available on Nexora, offering good quality and value for everyday use.",17438
7976.jpg,Designerz hub Back Cover for Samsung Galaxy M21/M21 2021 Edition/M30s (Silicone | Black),"Designerz hub Back Cover for Samsung Galaxy M21/M21 2021 Edition/M30s (Silicone | Black). A reliable electronics accessory available on Nexora, offering good quality and value for everyday use.",446
4639.jpg,"elevn ergo11e 2.4GHz Premium Wireless Optical Mouse for Laptop, Desktop, PC, MacBook,Black","elevn ergo11e 2.4GHz Premium Wireless Optical Mouse for Laptop, Desktop, PC, MacBook,Black. A reliable electronics accessory available on Nexora, offering good quality and value for everyday use.",398
9168.jpg,"boAt Aavante Bar 1200D Soundbar with Dolby Audio, 100W RMS Signature Sound, 2.1 Channel with Wired Subwoofer, Entertainmen...","boAt Aavante Bar 1200D Soundbar with Dolby Audio, 100W RMS Signature Sound, 2.1 Channel with Wired Subwoofer, Entertainmen. A reliable electronics accessory available on Nexora, offering good quality and value for everyday use.",11198
8104.jpg,"FEDUS 12V 1.5A DC Power Adapter, Powers Supply, SMPS for LCD Monitor, TV, LED Strip, CCTV, 12 Volt 1.5 Amp Power Adapter,A...","FEDUS 12V 1.5A DC Power Adapter, Powers Supply, SMPS for LCD Monitor, TV, LED Strip, CCTV, 12 Volt 1.5 Amp Power Adapter,A. A reliable electronics accessory available on Nexora, offering good quality and value for everyday use.",637
3187.jpg,"truke BTG Alpha True Gaming in Ear Earbuds with 40ms Low Latency Gaming Mode, 7 RGB LEDs, Instant Pairing, AAC Codec, Upto...","truke BTG Alpha True Gaming in Ear Earbuds with 40ms Low Latency Gaming Mode, 7 RGB LEDs, Instant Pairing, AAC Codec, Upto. A reliable electronics accessory available on Nexora, offering good quality and value for everyday use.",1438
274.jpg,HP 805 Black Original Ink Cartridge,"HP 805 Black Original Ink Cartridge. A reliable electronics accessory available on Nexora, offering good quality and value for everyday use.",1218
8774.jpg,OpenTech® Tempered Glass Screen Protector Compatible for Samsung Galaxy S21 5G with Edge to Edge Coverage and Easy Install...,"OpenTech® Tempered Glass Screen Protector Compatible for Samsung Galaxy S21 5G with Edge to Edge Coverage and Easy Install. A reliable electronics accessory available on Nexora, offering good quality and value for everyday use.",478
3745.jpg,"Tough Lee Tempered Glass Screen Guard Protector for Apple iPad Air 5 5th Generation 2022, Air 4 4th Gen 2020 10.9 inch, iP...","Tough Lee Tempered Glass Screen Guard Protector for Apple iPad Air 5 5th Generation 2022, Air 4 4th Gen 2020 10.9 inch, iP. A reliable electronics accessory available on Nexora, offering good quality and value for everyday use.",530
2214.jpg,"MARVIK Trail Loop Band Compatible with Apple Watch Band Ultra 42mm 44mm 45mm 49mm, Nylon Weave Sport Loop Adjustable Strap...","MARVIK Trail Loop Band Compatible with Apple Watch Band Ultra 42mm 44mm 45mm 49mm, Nylon Weave Sport Loop Adjustable Strap. A reliable electronics accessory available on Nexora, offering good quality and value for everyday use.",934
9035.jpg,"Tizum External Hard Drive Case for 2.5-Inch Hard Drive - Double Padded, HDD Case (Azure Blue)","Tizum External Hard Drive Case for 2.5-Inch Hard Drive - Double Padded, HDD Case (Azure Blue). A reliable electronics accessory available on Nexora, offering good quality and value for everyday use.",510
2982.jpg,Spigen Rugged Armor Cover Case for Apple Watch Series Series 8/7 (45mm) | Series SE2/6/SE/5/4 (44mm) - Black (Watch not In...,"Spigen Rugged Armor Cover Case for Apple Watch Series Series 8/7 (45mm) | Series SE2/6/SE/5/4 (44mm) - Black (Watch not In. A reliable electronics accessory available on Nexora, offering good quality and value for everyday use.",1438
7742.jpg,"APCSA mi Bluetooth Smartwatch Wireless Fitness Band for Boys, Girls, Men, Women & Kids | Sports Gym Watch for All Smart Ph...","APCSA mi Bluetooth Smartwatch Wireless Fitness Band for Boys, Girls, Men, Women & Kids | Sports Gym Watch for All Smart Ph. A reliable electronics accessory available on Nexora, offering good quality and value for everyday use.",638
1426.jpg,"Amazon Basics HL-007347 HDMI Input to DVI Output (Not VGA) Adapter Cable, 6 Feet, Black","Amazon Basics HL-007347 HDMI Input to DVI Output (Not VGA) Adapter Cable, 6 Feet, Black. A reliable electronics accessory available on Nexora, offering good quality and value for everyday use.",494
119.jpg,Portronics MODESK POR-122 Universal Mobile Tabletop Holder (Black),"Portronics MODESK POR-122 Universal Mobile Tabletop Holder (Black). A reliable electronics accessory available on Nexora, offering good quality and value for everyday use.",158
6361.jpg,"OREI India to UAE, Hong Kong, Dubai, UK Adapter - Type G Plug Adapter - 2 in 1 - Perfect for Laptop, Camera, Chargers - Tr...","OREI India to UAE, Hong Kong, Dubai, UK Adapter - Type G Plug Adapter - 2 in 1 - Perfect for Laptop, Camera, Chargers - Tr. A reliable electronics accessory available on Nexora, offering good quality and value for everyday use.",978
